candidate_id,week_no,analytic,independent,determined,professional,studious,imaginative
2,1,5,4,3,3,3,2
2,2,1,1,1,4,2,4
2,3,2,6,5,1,4,5
2,4,8,5,6,4,8,2
2,5,2,8,7,8,6,4
2,6,8,5,1,6,4,7
2,7,8,7,8,7,8,7
2,8,7,8,8,8,8,8
2,9,8,8,8,5,8,4
2,10,8,8,8,8,8,8
9,1,2,5,2,5,4,5
9,2,4,5,1,1,3,4
9,3,2,5,1,3,3,2
9,4,7,6,5,8,8,3
9,5,8,8,1,6,8,8
9,6,1,6,3,8,8,4
9,7,8,7,6,4,8,4
9,8,4,8,8,8,6,7
9,9,8,8,8,6,8,8
9,10,7,8,8,8,8,8
60,1,3,5,4,2,2,2
60,2,2,2,3,3,2,2
60,3,1,1,1,1,1,1
60,4,NULL,NULL,NULL,NULL,NULL,NULL
60,5,NULL,NULL,NULL,NULL,NULL,NULL
60,6,NULL,NULL,NULL,NULL,NULL,NULL
60,7,NULL,NULL,NULL,NULL,NULL,NULL
60,8,NULL,NULL,NULL,NULL,NULL,NULL
60,9,NULL,NULL,NULL,NULL,NULL,NULL
60,10,NULL,NULL,NULL,NULL,NULL,NULL
82,1,3,3,4,4,3,3
82,2,1,2,4,2,5,5
82,3,1,2,7,2,3,2
82,4,4,7,5,6,7,8
82,5,8,7,7,6,6,2
82,6,3,7,5,8,4,8
82,7,6,8,4,5,4,8
82,8,8,8,8,5,8,8
90,1,4,2,3,3,1,4
90,2,1,6,3,2,3,3
90,3,3,3,1,3,3,1
90,4,3,4,8,2,2,8
90,5,5,6,3,7,8,4
90,6,7,4,5,3,8,3
90,7,8,1,8,8,6,5
90,8,8,7,5,5,6,7
98,1,2,2,1,2,3,1
98,2,NULL,NULL,NULL,NULL,NULL,NULL
98,3,NULL,NULL,NULL,NULL,NULL,NULL
98,4,NULL,NULL,NULL,NULL,NULL,NULL
98,5,NULL,NULL,NULL,NULL,NULL,NULL
98,6,NULL,NULL,NULL,NULL,NULL,NULL
98,7,NULL,NULL,NULL,NULL,NULL,NULL
98,8,NULL,NULL,NULL,NULL,NULL,NULL
98,9,NULL,NULL,NULL,NULL,NULL,NULL
98,10,NULL,NULL,NULL,NULL,NULL,NULL
122,1,1,5,4,6,3,5
122,2,5,1,3,3,6,8
122,3,5,3,6,3,1,4
122,4,7,5,8,8,8,5
122,5,8,6,4,8,8,5
122,6,8,7,6,8,7,4
122,7,8,8,6,8,5,8
122,8,4,6,5,4,8,8
123,1,4,5,1,4,5,2
123,2,1,3,3,5,3,4
123,3,4,4,3,3,3,3
123,4,5,6,8,2,5,7
123,5,6,5,6,5,8,7
123,6,5,6,8,5,2,8
123,7,3,8,5,3,6,8
123,8,8,8,7,7,8,8
123,9,8,8,6,8,8,8
123,10,6,8,8,6,8,8
138,1,1,3,3,2,5,4
138,2,4,2,5,4,2,3
138,3,1,3,3,8,8,3
138,4,6,2,5,4,4,7
138,5,8,5,4,7,8,8
138,6,5,7,5,5,5,3
138,7,7,8,3,4,7,8
138,8,8,7,8,4,8,8
138,9,8,8,8,8,8,8
138,10,8,8,8,8,5,8
140,1,4,1,7,3,2,1
140,2,1,1,3,2,1,4
140,3,2,3,2,2,2,1
140,4,8,5,4,3,8,5
140,5,2,4,8,6,7,3
140,6,3,2,4,1,4,4
140,7,8,8,7,8,8,4
140,8,5,7,5,5,8,8
140,9,5,6,8,8,8,8
140,10,8,7,8,8,8,8
146,1,3,2,2,4,4,4
146,2,2,2,2,1,5,3
146,3,2,3,5,1,1,2
146,4,5,8,5,8,5,6
146,5,5,7,3,6,6,5
146,6,5,4,8,7,8,1
146,7,8,8,8,8,7,8
146,8,6,8,8,8,8,4
146,9,7,8,8,8,8,5
146,10,8,8,8,8,7,8
191,1,1,5,7,1,3,2
191,2,6,1,5,3,1,3
191,3,4,5,4,2,3,1
191,4,7,2,8,8,7,5
191,5,4,8,4,8,8,8
191,6,3,5,2,4,6,2
191,7,3,7,6,7,8,8
191,8,8,8,8,8,8,7
191,9,8,8,8,8,8,8
191,10,8,8,8,8,8,8
200,1,1,4,3,2,3,2
200,2,4,5,2,3,3,6
200,3,2,4,1,4,4,2
200,4,7,8,8,6,5,5
200,5,7,4,5,8,3,8
200,6,4,6,3,6,8,3
200,7,8,6,8,8,8,7
200,8,8,8,7,7,8,3
200,9,8,8,3,8,8,8
200,10,8,8,8,7,8,8
207,1,4,1,3,2,2,4
207,2,3,2,2,4,5,1
207,3,2,3,1,1,2,5
207,4,5,4,4,7,4,8
207,5,3,5,5,6,4,8
207,6,8,7,8,3,6,8
207,7,4,8,8,8,7,6
207,8,8,8,8,5,4,8
207,9,8,3,7,8,6,8
207,10,7,8,8,6,8,8
224,1,2,5,3,6,5,4
224,2,3,2,1,3,1,2
224,3,1,3,3,2,6,1
224,4,4,4,2,8,8,8
224,5,7,8,7,8,3,8
224,6,7,8,7,7,7,3
224,7,7,8,8,8,5,8
224,8,8,5,8,8,8,8
224,9,8,8,7,8,8,8
224,10,8,8,8,8,8,8
229,1,4,5,5,2,4,3
229,2,3,4,1,2,1,8
229,3,1,1,3,4,3,3
229,4,3,8,1,5,4,7
229,5,2,5,4,4,6,8
229,6,6,7,3,5,6,8
229,7,8,8,6,5,8,8
229,8,8,8,8,6,8,8
229,9,8,7,6,8,8,5
229,10,8,8,8,8,8,8
249,1,2,4,4,4,5,6
249,2,4,2,4,2,4,2
249,3,4,6,2,4,6,3
249,4,5,4,3,2,8,4
249,5,4,8,1,8,2,3
249,6,4,2,4,2,3,2
249,7,8,7,7,8,7,5
249,8,5,6,6,3,8,6
267,1,3,3,1,3,2,5
267,2,5,1,1,4,4,1
267,3,4,7,1,2,3,4
267,4,5,3,7,8,7,8
267,5,6,8,7,5,4,7
267,6,5,8,8,3,3,2
267,7,8,6,3,8,8,8
267,8,8,6,7,5,8,8
267,9,8,8,8,8,8,4
267,10,8,8,8,8,8,8
270,1,2,1,1,5,3,6
270,2,2,4,3,2,2,2
270,3,3,4,1,4,6,4
270,4,1,3,8,3,8,3
270,5,4,5,5,4,1,6
270,6,8,7,5,7,5,5
270,7,7,6,8,8,8,8
270,8,7,8,4,8,2,8
270,9,8,8,8,8,8,8
270,10,8,8,8,8,8,8
272,1,3,6,2,4,3,2
272,2,1,1,2,5,4,5
272,3,3,5,5,2,4,1
272,4,5,2,7,3,4,8
272,5,5,4,6,4,8,5
272,6,2,3,8,7,8,4
272,7,8,8,8,8,6,8
272,8,8,6,8,8,8,7
288,1,5,3,2,5,4,3
288,2,4,5,1,1,4,1
288,3,6,3,1,7,2,2
288,4,4,6,8,7,3,5
288,5,2,5,8,3,3,5
288,6,5,6,5,8,7,7
288,7,7,7,7,8,8,8
288,8,8,8,6,8,7,8
300,1,4,4,6,1,3,6
300,2,3,1,1,3,7,2
300,3,4,3,4,2,2,2
300,4,8,8,8,6,6,5
300,5,7,7,6,3,6,6
300,6,7,8,6,8,1,8
300,7,8,8,8,4,8,8
300,8,7,6,8,8,8,8
300,9,5,8,8,8,8,8
300,10,8,8,7,8,8,8
324,1,3,3,1,3,1,6
324,2,3,1,4,2,2,1
324,3,4,4,3,6,4,3
324,4,3,7,3,4,5,4
324,5,8,4,7,6,4,4
324,6,6,3,8,6,3,3
324,7,7,5,7,8,8,8
324,8,8,8,6,6,7,8
327,1,4,4,2,5,5,5
327,2,4,3,6,6,2,4
327,3,4,4,2,5,3,3
327,4,5,8,6,5,6,4
327,5,7,3,3,3,4,7
327,6,3,7,8,5,5,6
327,7,7,6,8,8,8,7
327,8,5,5,8,5,8,8
339,1,3,1,7,1,1,4
339,2,3,5,6,2,6,4
339,3,2,2,6,3,4,2
339,4,7,5,7,4,6,8
339,5,8,2,4,8,4,5
339,6,6,3,8,6,4,6
339,7,8,8,8,5,8,8
339,8,6,8,8,7,8,8
339,9,8,5,5,8,8,8
339,10,8,8,8,8,8,8
340,1,3,5,1,3,1,5
340,2,3,3,4,5,1,1
340,3,5,1,2,4,1,2
340,4,6,4,4,6,5,6
340,5,8,6,5,8,6,8
340,6,5,5,5,8,6,6
340,7,4,8,8,8,4,8
340,8,4,8,8,8,8,8
340,9,8,8,6,1,8,8
340,10,8,8,8,8,8,8
354,1,2,3,5,4,6,3
354,2,4,7,4,4,3,6
354,3,1,3,4,3,2,5
354,4,3,1,6,5,5,3
354,5,4,3,5,8,8,5
354,6,5,7,6,3,8,5
354,7,6,5,8,8,7,7
354,8,8,8,8,5,8,8
360,1,4,4,5,2,3,1
360,2,2,2,3,3,6,3
360,3,4,4,5,5,1,4
360,4,8,4,7,4,8,6
360,5,8,7,2,7,4,3
360,6,5,6,8,7,5,7
360,7,8,5,8,7,8,8
360,8,8,7,8,3,5,8
367,1,2,6,4,1,3,4
367,2,1,3,4,1,5,1
367,3,1,6,2,3,1,3
367,4,8,6,8,3,6,6
367,5,7,8,8,2,8,2
367,6,8,8,5,6,5,5
367,7,8,8,8,8,6,8
367,8,8,8,8,7,7,7
367,9,6,7,8,8,8,7
367,10,8,8,8,8,8,8
377,1,1,7,5,1,1,3
377,2,3,2,2,3,4,1
377,3,2,5,1,2,1,3
377,4,7,7,7,6,5,4
377,5,7,7,6,7,6,8
377,6,5,2,7,7,3,5
377,7,8,5,5,8,7,8
377,8,8,8,8,8,4,4
377,9,8,8,8,2,8,8
377,10,8,8,8,8,8,8
401,1,1,3,3,2,3,6
401,2,3,5,2,2,3,2
401,3,3,1,3,3,1,4
401,4,5,6,7,7,8,8
401,5,6,6,4,6,5,3
401,6,8,6,8,4,2,1
401,7,8,7,7,8,8,8
401,8,8,8,8,8,8,8
412,1,4,7,2,1,4,2
412,2,4,5,6,4,3,5
412,3,3,8,4,3,4,5
412,4,7,8,8,8,5,7
412,5,8,8,8,5,5,8
412,6,8,8,8,6,7,6
412,7,4,8,8,7,6,5
412,8,7,8,8,8,8,8
412,9,8,8,8,8,8,8
412,10,8,8,8,8,8,8
424,1,4,3,2,3,5,2
424,2,4,1,4,1,3,1
424,3,6,3,1,2,1,6
424,4,7,8,8,8,5,4
424,5,6,7,8,5,7,2
424,6,6,4,4,6,8,5
424,7,7,8,8,8,6,8
424,8,8,8,8,8,8,8
424,9,8,8,8,8,5,8
424,10,6,8,8,8,8,8
426,1,2,3,4,2,4,3
426,2,2,1,2,2,2,3
426,3,2,1,2,1,2,6
426,4,6,8,4,8,3,6
426,5,3,6,3,7,7,4
426,6,6,7,7,8,3,3
426,7,7,7,8,8,8,8
426,8,5,8,8,8,8,8
431,1,5,2,2,3,3,3
431,2,3,4,4,2,3,3
431,3,1,5,4,2,5,5
431,4,7,6,6,3,4,4
431,5,6,3,6,5,7,8
431,6,6,6,6,2,5,4
431,7,7,8,8,7,5,7
431,8,7,7,8,8,8,8
448,1,3,5,4,3,2,7
448,2,5,3,1,3,1,4
448,3,2,2,3,5,1,2
448,4,7,7,4,8,6,6
448,5,6,7,4,2,8,4
448,6,8,2,6,8,3,2
448,7,8,8,7,8,6,8
448,8,3,8,7,6,7,8
448,9,8,6,6,8,7,8
448,10,8,8,8,8,8,8
496,1,3,5,3,2,3,5
496,2,2,5,4,3,3,4
496,3,3,3,4,4,5,5
496,4,6,5,8,4,2,8
496,5,8,3,6,5,7,5
496,6,8,5,8,8,6,2
496,7,8,6,8,5,8,6
496,8,8,8,8,7,8,7
496,9,5,8,5,8,7,8
496,10,8,8,8,8,8,8
514,1,3,1,4,4,1,3
514,2,1,3,3,3,2,2
514,3,4,4,3,1,8,1
514,4,4,8,7,6,8,5
514,5,4,8,6,8,7,4
514,6,8,7,8,3,4,7
514,7,7,3,8,8,8,6
514,8,7,8,8,8,5,6
514,9,4,8,8,8,6,8
514,10,8,8,8,8,8,8
564,1,2,1,4,2,1,1
564,2,NULL,NULL,NULL,NULL,NULL,NULL
564,3,NULL,NULL,NULL,NULL,NULL,NULL
564,4,NULL,NULL,NULL,NULL,NULL,NULL
564,5,NULL,NULL,NULL,NULL,NULL,NULL
564,6,NULL,NULL,NULL,NULL,NULL,NULL
564,7,NULL,NULL,NULL,NULL,NULL,NULL
564,8,NULL,NULL,NULL,NULL,NULL,NULL
564,9,NULL,NULL,NULL,NULL,NULL,NULL
564,10,NULL,NULL,NULL,NULL,NULL,NULL
571,1,3,4,3,1,3,5
571,2,2,3,4,1,4,2
571,3,2,7,1,1,7,5
571,4,6,4,8,1,7,7
571,5,7,7,6,6,4,4
571,6,7,6,5,8,8,8
571,7,8,5,5,6,8,8
571,8,8,8,4,8,8,8
590,1,3,4,4,1,1,1
590,2,4,1,5,6,4,4
590,3,4,2,4,1,4,3
590,4,8,2,4,2,8,6
590,5,8,6,8,5,6,7
590,6,2,6,6,6,4,4
590,7,4,8,8,6,8,8
590,8,8,8,6,8,8,7
591,1,5,4,3,6,2,4
591,2,8,4,1,4,4,2
591,3,7,3,2,1,1,3
591,4,8,4,8,5,5,7
591,5,5,7,4,6,8,8
591,6,2,4,7,8,6,8
591,7,8,8,5,7,6,8
591,8,8,8,6,6,7,8
603,1,3,4,4,8,1,4
603,2,3,6,4,4,3,4
603,3,1,2,2,3,1,4
603,4,6,8,6,5,8,2
603,5,5,4,8,3,8,5
603,6,5,7,5,8,5,2
603,7,8,5,8,7,7,8
603,8,8,8,8,6,5,8
603,9,8,8,8,8,5,8
603,10,8,8,8,8,8,8
607,1,6,2,6,1,3,5
607,2,3,3,3,3,2,5
607,3,2,4,4,3,1,3
607,4,8,3,8,6,8,1
607,5,8,7,8,8,5,6
607,6,6,8,5,6,3,8
607,7,8,8,8,8,5,8
607,8,8,6,5,8,4,8
613,1,5,3,5,7,2,4
613,2,3,1,2,4,3,2
613,3,2,4,1,3,2,3
613,4,4,6,5,3,8,4
613,5,3,5,6,5,8,4
613,6,2,8,2,8,8,6
613,7,3,6,8,7,8,8
613,8,6,8,8,8,8,8
613,9,6,8,8,8,7,8
613,10,8,8,8,8,8,8
628,1,2,1,2,2,5,1
628,2,6,2,1,3,3,3
628,3,6,4,3,2,2,1
628,4,7,8,2,7,8,5
628,5,3,7,3,8,7,8
628,6,6,5,8,8,6,8
628,7,7,6,8,8,8,8
628,8,8,8,8,8,8,8
629,1,5,2,2,4,1,3
629,2,8,3,4,6,4,1
629,3,2,2,1,2,1,2
629,4,NULL,NULL,NULL,NULL,NULL,NULL
629,5,NULL,NULL,NULL,NULL,NULL,NULL
629,6,NULL,NULL,NULL,NULL,NULL,NULL
629,7,NULL,NULL,NULL,NULL,NULL,NULL
629,8,NULL,NULL,NULL,NULL,NULL,NULL
658,1,2,4,1,3,3,5
658,2,2,3,2,3,8,1
658,3,6,3,2,5,4,1
658,4,6,5,5,5,5,8
658,5,4,3,5,4,5,2
658,6,7,6,2,3,8,7
658,7,5,8,8,6,8,8
658,8,8,5,8,8,3,8
658,9,7,8,4,8,8,8
658,10,8,8,8,8,8,8
718,1,4,1,4,1,4,2
718,2,1,5,3,4,4,1
718,3,3,4,5,4,2,3
718,4,8,6,6,5,7,6
718,5,8,2,5,8,8,6
718,6,2,8,5,4,3,8
718,7,8,7,8,5,8,8
718,8,8,5,8,8,8,8
721,1,1,1,2,3,1,4
721,2,6,2,4,1,2,3
721,3,4,2,2,2,2,4
721,4,5,4,7,4,6,4
721,5,8,7,5,4,5,2
721,6,8,3,4,3,8,3
721,7,6,8,8,8,8,7
721,8,8,8,8,6,8,8
730,1,2,5,1,1,3,3
730,2,2,2,5,7,2,1
730,3,4,2,2,2,5,2
730,4,7,4,7,6,8,5
730,5,8,8,6,8,3,6
730,6,5,7,2,6,4,3
730,7,8,8,8,8,8,8
730,8,7,8,8,7,8,8
743,1,4,4,5,3,2,1
743,2,1,5,6,1,1,1
743,3,3,5,2,2,8,2
743,4,8,8,6,8,8,7
743,5,6,5,4,6,4,7
743,6,4,5,8,6,5,5
743,7,8,8,8,8,8,8
743,8,8,4,8,8,8,7
743,9,8,8,8,5,8,8
743,10,8,8,8,8,8,8
764,1,3,2,1,2,4,1
764,2,2,3,3,3,3,1
764,3,2,1,2,7,3,2
764,4,3,6,8,2,4,8
764,5,7,5,5,3,8,4
764,6,8,8,5,8,4,6
764,7,8,4,8,8,4,7
764,8,8,8,8,8,7,8
764,9,7,8,8,8,8,8
764,10,8,8,8,8,8,6
766,1,5,3,4,3,4,2
766,2,1,1,5,2,4,5
766,3,1,2,2,2,3,3
766,4,5,3,3,7,8,4
766,5,7,5,4,7,7,8
766,6,3,8,8,7,7,4
766,7,8,7,8,8,7,8
766,8,8,8,8,8,8,7
773,1,3,2,2,3,2,2
773,2,1,1,3,2,3,5
773,3,2,6,6,3,2,2
773,4,6,3,6,7,4,8
773,5,6,6,8,7,8,5
773,6,7,3,5,5,3,6
773,7,5,8,7,8,7,8
773,8,8,8,8,6,8,4
782,1,2,2,4,2,3,3
782,2,5,2,1,3,1,2
782,3,6,4,5,1,2,3
782,4,5,5,3,6,5,8
782,5,8,3,8,8,3,6
782,6,5,8,6,6,8,4
782,7,8,3,8,5,5,8
782,8,8,8,5,8,4,5
782,9,7,8,8,8,5,8
782,10,8,8,8,8,8,8
787,1,3,5,2,1,3,5
787,2,4,1,1,4,4,4
787,3,5,4,6,2,7,3
787,4,8,4,6,4,6,5
787,5,8,5,8,8,5,7
787,6,6,4,8,6,7,5
787,7,8,7,8,8,8,8
787,8,6,8,6,8,8,8
791,1,1,7,4,4,2,5
791,2,2,1,4,2,2,2
791,3,6,4,3,2,3,3
791,4,6,8,7,8,4,7
791,5,8,7,6,4,3,2
791,6,5,5,6,4,5,4
791,7,8,8,8,8,4,7
791,8,5,7,8,6,8,8
798,1,3,6,3,4,3,5
798,2,1,1,3,6,3,2
798,3,6,1,4,3,5,3
798,4,6,8,6,3,7,8
798,5,7,6,6,2,8,4
798,6,6,5,5,7,4,2
798,7,8,8,8,8,7,7
798,8,8,8,8,8,8,4
805,1,1,3,4,4,3,2
805,2,1,2,4,5,3,7
805,3,4,2,2,1,3,1
805,4,4,4,6,7,8,8
805,5,4,5,7,8,4,6
805,6,3,8,3,8,4,6
805,7,6,8,5,6,6,7
805,8,8,6,8,8,8,8
805,9,8,8,7,8,8,8
805,10,8,8,8,8,8,8
808,1,4,2,2,3,2,2
808,2,2,5,2,2,4,3
808,3,7,3,3,2,2,2
808,4,3,5,7,4,5,6
808,5,8,2,4,5,7,8
808,6,6,2,3,6,7,8
808,7,8,8,8,3,5,8
808,8,8,6,8,8,8,8
810,1,1,5,3,1,3,3
810,2,3,3,2,1,4,3
810,3,3,2,3,3,1,3
810,4,3,8,2,8,7,7
810,5,8,4,2,5,7,4
810,6,7,8,6,6,4,8
810,7,6,8,8,8,8,8
810,8,7,8,4,8,8,4
830,1,3,1,2,2,3,2
830,2,1,2,3,1,4,3
830,3,2,5,2,1,4,3
830,4,6,7,5,8,8,3
830,5,7,6,6,8,4,6
830,6,7,8,5,5,6,8
830,7,6,8,2,8,6,8
830,8,8,8,6,8,8,8
830,9,8,8,8,7,8,7
830,10,8,8,8,8,8,8
838,1,1,1,3,1,1,1
838,2,NULL,NULL,NULL,NULL,NULL,NULL
838,3,NULL,NULL,NULL,NULL,NULL,NULL
838,4,NULL,NULL,NULL,NULL,NULL,NULL
838,5,NULL,NULL,NULL,NULL,NULL,NULL
838,6,NULL,NULL,NULL,NULL,NULL,NULL
838,7,NULL,NULL,NULL,NULL,NULL,NULL
838,8,NULL,NULL,NULL,NULL,NULL,NULL
844,1,1,1,5,1,2,6
844,2,5,3,3,3,2,2
844,3,3,2,2,3,6,1
844,4,8,6,8,5,5,3
844,5,6,8,7,7,4,2
844,6,7,4,5,7,7,7
844,7,6,8,8,7,8,5
844,8,4,8,7,8,8,8
847,1,3,1,2,8,1,4
847,2,2,4,3,1,3,1
847,3,6,2,1,2,3,8
847,4,6,8,3,5,8,5
847,5,8,4,6,2,3,2
847,6,6,8,6,8,7,8
847,7,8,3,8,8,4,8
847,8,8,8,8,8,8,5
872,1,3,3,1,2,1,3
872,2,1,1,3,1,5,1
872,3,1,2,3,4,3,5
872,4,7,7,8,7,5,5
872,5,3,5,6,6,6,2
872,6,5,3,4,5,4,5
872,7,7,8,8,8,8,8
872,8,8,8,8,8,7,7
872,9,8,8,6,7,4,8
872,10,8,8,8,8,8,8
903,1,1,4,2,1,3,3
903,2,2,4,4,2,3,5
903,3,2,7,2,3,2,2
903,4,4,6,6,6,1,5
903,5,3,8,5,4,8,6
903,6,5,6,1,7,8,8
903,7,8,8,8,8,8,7
903,8,8,8,6,5,8,8
924,1,4,2,1,3,2,3
924,2,4,3,1,2,3,3
924,3,3,1,5,1,4,5
924,4,8,4,5,3,6,5
924,5,8,8,7,3,8,5
924,6,6,6,6,6,5,7
924,7,8,8,8,6,8,8
924,8,8,8,8,8,6,8
931,1,5,3,5,3,2,2
931,2,1,1,3,1,1,5
931,3,7,3,3,1,2,2
931,4,8,7,5,6,4,7
931,5,4,6,6,5,6,7
931,6,3,3,7,4,3,8
931,7,8,8,7,8,4,8
931,8,8,7,3,8,8,7
949,1,3,7,3,3,3,1
949,2,2,7,2,3,4,1
949,3,1,3,1,2,6,5
949,4,4,4,5,3,6,8
949,5,4,3,8,3,8,5
949,6,5,3,5,6,7,7
949,7,8,8,8,8,8,8
949,8,8,4,6,8,8,8
950,1,1,2,5,5,1,2
950,2,3,3,3,3,7,6
950,3,5,2,2,6,2,5
950,4,8,5,5,3,8,8
950,5,5,7,4,4,8,6
950,6,7,8,8,5,6,4
950,7,8,8,8,8,6,4
950,8,8,8,6,8,8,8
950,9,8,8,8,8,8,8
950,10,8,8,8,8,8,8
954,1,3,4,2,2,3,4
954,2,5,5,5,5,2,3
954,3,6,2,1,6,4,5
954,4,6,6,8,5,3,2
954,5,6,3,8,7,4,7
954,6,7,8,4,3,8,5
954,7,6,8,8,8,8,5
954,8,8,8,4,8,6,8
954,9,7,5,8,8,8,6
954,10,8,8,8,8,8,8
957,1,4,1,2,5,3,2
957,2,4,1,5,6,2,2
957,3,1,2,5,5,2,2
957,4,7,7,6,4,5,6
957,5,6,8,4,7,7,7
957,6,8,5,8,3,6,4
957,7,8,7,7,7,8,8
957,8,7,5,8,8,7,8
957,9,6,8,7,8,5,8
957,10,8,8,8,8,8,8
961,1,2,4,3,1,3,4
961,2,5,2,3,2,3,1
961,3,2,3,1,2,1,2
961,4,NULL,NULL,NULL,NULL,NULL,NULL
961,5,NULL,NULL,NULL,NULL,NULL,NULL
961,6,NULL,NULL,NULL,NULL,NULL,NULL
961,7,NULL,NULL,NULL,NULL,NULL,NULL
961,8,NULL,NULL,NULL,NULL,NULL,NULL
982,1,3,3,5,7,4,1
982,2,1,3,2,5,1,2
982,3,6,7,1,4,5,1
982,4,7,8,6,8,7,4
982,5,8,8,4,6,5,7
982,6,8,5,4,2,7,5
982,7,7,5,8,8,8,3
982,8,8,8,8,8,8,8
999,1,4,2,2,2,1,4
999,2,3,3,1,2,5,2
999,3,3,2,5,1,3,1
999,4,8,8,8,4,7,7
999,5,4,7,6,4,3,8
999,6,6,7,4,1,6,3
999,7,5,8,5,3,8,8
999,8,8,8,8,8,6,8
999,9,8,5,4,6,8,6
999,10,8,8,8,8,8,8
1002,1,1,1,3,2,2,6
1002,2,4,2,3,6,1,3
1002,3,1,2,4,4,4,4
1002,4,6,8,4,8,8,4
1002,5,7,8,5,4,8,8
1002,6,4,7,8,4,6,4
1002,7,7,8,8,8,8,8
1002,8,8,8,8,8,4,8
1018,1,4,2,5,1,1,2
1018,2,4,1,1,3,2,5
1018,3,3,4,1,5,5,3
1018,4,8,6,5,8,3,8
1018,5,5,5,5,7,5,4
1018,6,1,5,4,8,6,8
1018,7,8,6,8,8,6,8
1018,8,8,8,8,6,6,8
1040,1,2,2,4,2,5,1
1040,2,4,6,1,2,5,3
1040,3,2,2,3,3,3,3
1040,4,7,6,8,8,2,8
1040,5,7,8,8,8,5,8
1040,6,8,7,8,8,3,8
1040,7,8,6,5,8,8,8
1040,8,8,7,6,7,7,8
1041,1,3,3,3,1,5,2
1041,2,2,7,1,2,8,1
1041,3,3,2,2,3,1,4
1041,4,7,6,5,3,5,6
1041,5,4,8,2,4,5,8
1041,6,8,7,4,6,1,5
1041,7,8,5,8,8,8,8
1041,8,6,6,4,6,8,8
1052,1,1,5,2,4,3,6
1052,2,6,1,2,3,4,2
1052,3,3,3,2,3,2,3
1052,4,8,1,6,4,5,8
1052,5,3,8,5,8,5,2
1052,6,5,5,7,6,2,8
1052,7,6,8,8,6,8,5
1052,8,8,7,8,8,8,7
1052,9,6,8,8,8,8,8
1052,10,8,8,8,8,8,8
1053,1,1,3,1,4,3,1
1053,2,5,5,4,3,1,5
1053,3,1,4,5,2,3,1
1053,4,4,8,4,6,5,6
1053,5,5,4,3,5,5,8
1053,6,4,8,7,6,6,8
1053,7,8,8,8,8,8,8
1053,8,8,8,8,8,8,6
1090,1,1,1,2,6,2,6
1090,2,3,7,1,3,2,3
1090,3,3,1,3,4,3,5
1090,4,6,4,5,8,3,5
1090,5,8,3,7,4,5,4
1090,6,3,7,7,2,8,8
1090,7,1,8,8,7,8,6
1090,8,8,7,8,8,4,8
1091,1,1,3,3,4,1,2
1091,2,3,3,5,5,7,1
1091,3,5,5,1,1,3,3
1091,4,7,6,5,7,8,8
1091,5,2,6,6,8,8,4
1091,6,2,5,4,8,4,6
1091,7,6,6,8,8,8,8
1091,8,7,8,5,8,8,8
1111,1,3,1,8,4,4,1
1111,2,4,1,5,3,1,3
1111,3,5,5,3,2,2,3
1111,4,5,6,6,6,2,8
1111,5,3,3,4,8,5,6
1111,6,8,6,4,6,8,7
1111,7,8,8,8,8,8,8
1111,8,8,8,6,8,7,8
1129,1,1,8,2,2,2,4
1129,2,2,1,3,4,3,4
1129,3,4,5,5,4,1,3
1129,4,8,4,6,8,7,7
1129,5,7,3,3,8,8,5
1129,6,1,5,3,8,6,7
1129,7,8,6,8,8,8,5
1129,8,7,3,7,8,6,8
1133,1,4,1,5,2,2,3
1133,2,2,4,2,6,5,3
1133,3,3,1,1,2,2,3
1133,4,8,8,7,8,3,5
1133,5,5,4,8,8,8,7
1133,6,8,8,8,4,4,4
1133,7,8,7,8,8,8,8
1133,8,8,6,8,5,5,5
1136,1,3,4,2,1,2,3
1136,2,4,5,5,2,4,2
1136,3,3,2,3,2,4,7
1136,4,5,8,8,3,5,5
1136,5,5,4,3,4,8,4
1136,6,4,4,8,5,6,5
1136,7,6,8,8,8,8,6
1136,8,7,8,6,8,8,6
1141,1,4,4,3,2,2,2
1141,2,2,2,1,5,5,1
1141,3,4,2,2,4,3,4
1141,4,7,6,5,3,3,8
1141,5,5,3,8,3,6,6
1141,6,8,7,4,6,6,6
1141,7,7,8,6,8,8,8
1141,8,8,8,6,8,8,8
1141,9,5,7,7,8,8,8
1141,10,8,8,8,8,8,8
1158,1,3,3,5,4,1,2
1158,2,3,5,5,3,1,3
1158,3,1,2,4,1,8,3
1158,4,5,6,4,5,6,1
1158,5,7,3,4,5,6,7
1158,6,6,4,4,3,4,4
1158,7,8,8,4,8,7,8
1158,8,5,7,7,4,8,3
1158,9,8,8,7,8,7,3
1158,10,8,8,8,8,8,7
1204,1,7,1,5,1,3,4
1204,2,2,4,2,4,1,3
1204,3,2,2,5,2,5,3
1204,4,6,8,3,5,8,2
1204,5,8,8,8,7,3,8
1204,6,4,5,3,4,8,4
1204,7,8,8,8,8,6,5
1204,8,8,7,5,8,7,8
1212,1,1,5,2,1,2,2
1212,2,3,1,5,7,3,5
1212,3,2,3,3,5,2,4
1212,4,8,6,5,8,4,5
1212,5,5,8,3,5,8,4
1212,6,3,7,6,8,6,7
1212,7,8,8,5,8,8,8
1212,8,8,7,6,5,8,7
1212,9,8,8,8,8,5,8
1212,10,8,8,8,8,8,8
1213,1,5,4,3,5,5,4
1213,2,4,4,3,1,3,2
1213,3,2,1,1,3,3,3
1213,4,6,6,4,6,8,7
1213,5,8,6,5,3,8,7
1213,6,8,6,5,5,3,5
1213,7,8,6,8,4,8,8
1213,8,8,8,8,8,8,7
1236,1,3,2,3,4,3,3
1236,2,2,4,2,4,1,1
1236,3,2,3,4,3,3,3
1236,4,3,5,4,6,5,4
1236,5,6,6,4,8,7,7
1236,6,7,6,8,4,7,3
1236,7,8,5,7,8,8,8
1236,8,8,8,4,7,8,7
1240,1,2,2,4,2,2,4
1240,2,5,3,5,2,1,1
1240,3,7,6,1,3,4,2
1240,4,6,7,7,4,5,6
1240,5,8,4,4,4,8,6
1240,6,8,7,8,5,7,8
1240,7,5,6,8,8,5,8
1240,8,7,8,8,8,5,8
1240,9,6,8,3,8,8,8
1240,10,8,8,8,8,8,8
1243,1,5,4,2,6,3,4
1243,2,5,3,4,6,2,3
1243,3,3,2,3,3,3,1
1243,4,4,5,7,8,7,8
1243,5,8,3,6,6,8,5
1243,6,7,7,8,8,6,2
1243,7,7,8,8,8,8,8
1243,8,8,8,8,8,8,4
1243,9,7,8,8,4,6,8
1243,10,8,8,2,8,8,8
1249,1,3,2,1,3,4,5
1249,2,4,1,3,2,6,1
1249,3,3,2,2,2,1,3
1249,4,7,7,6,8,4,8
1249,5,6,7,2,8,4,4
1249,6,7,2,5,4,2,8
1249,7,7,8,8,8,7,8
1249,8,8,5,6,6,8,6
1249,9,7,6,8,6,8,8
1249,10,8,8,8,8,8,8
1252,1,3,3,6,3,7,1
1252,2,3,1,3,3,4,2
1252,3,1,1,3,3,4,3
1252,4,6,8,8,6,6,3
1252,5,8,8,5,8,3,6
1252,6,6,3,5,5,7,3
1252,7,8,7,6,7,6,8
1252,8,7,4,8,6,8,7
1252,9,5,4,8,6,8,8
1252,10,8,8,8,8,8,8
1253,1,1,1,1,6,5,5
1253,2,7,2,1,3,2,1
1253,3,1,2,3,3,3,5
1253,4,8,6,4,4,5,7
1253,5,8,4,3,4,6,4
1253,6,8,8,3,3,4,6
1253,7,4,6,8,8,8,8
1253,8,8,7,8,8,8,6
1265,1,5,3,2,3,3,1
1265,2,4,2,1,1,5,3
1265,3,4,6,2,4,5,2
1265,4,5,4,2,3,7,8
1265,5,8,8,7,8,4,8
1265,6,5,8,6,4,6,8
1265,7,7,8,8,8,6,8
1265,8,4,7,8,8,8,8
1280,1,4,3,2,1,6,1
1280,2,3,1,5,5,1,4
1280,3,5,2,5,4,1,5
1280,4,3,8,5,3,6,3
1280,5,3,8,5,5,6,3
1280,6,4,8,3,5,6,8
1280,7,7,8,8,8,8,8
1280,8,8,8,5,8,8,8
1293,1,2,5,5,3,3,7
1293,2,4,2,2,1,6,5
1293,3,4,3,4,3,1,1
1293,4,5,8,6,7,3,7
1293,5,6,5,7,5,4,6
1293,6,3,7,2,7,6,3
1293,7,7,8,8,7,8,8
1293,8,8,7,8,8,7,8
1298,1,1,1,1,2,3,2
1298,2,NULL,NULL,NULL,NULL,NULL,NULL
1298,3,NULL,NULL,NULL,NULL,NULL,NULL
1298,4,NULL,NULL,NULL,NULL,NULL,NULL
1298,5,NULL,NULL,NULL,NULL,NULL,NULL
1298,6,NULL,NULL,NULL,NULL,NULL,NULL
1298,7,NULL,NULL,NULL,NULL,NULL,NULL
1298,8,NULL,NULL,NULL,NULL,NULL,NULL
1298,9,NULL,NULL,NULL,NULL,NULL,NULL
1298,10,NULL,NULL,NULL,NULL,NULL,NULL
1318,1,4,5,5,4,1,3
1318,2,4,3,1,2,3,2
1318,3,5,3,1,4,1,3
1318,4,8,1,7,8,4,8
1318,5,5,5,7,6,8,4
1318,6,2,4,4,5,8,4
1318,7,8,8,8,8,8,7
1318,8,8,8,8,5,6,8
1319,1,6,3,2,4,5,6
1319,2,6,2,7,6,1,2
1319,3,3,5,3,1,3,2
1319,4,6,6,5,1,5,3
1319,5,7,7,8,3,3,8
1319,6,6,8,2,8,3,2
1319,7,6,8,5,8,8,8
1319,8,4,8,5,8,6,8
1319,9,8,8,8,5,8,4
1319,10,8,8,8,8,6,8
1332,1,4,4,6,1,3,3
1332,2,3,4,3,3,4,1
1332,3,5,4,2,3,7,5
1332,4,6,7,4,3,8,5
1332,5,5,6,5,3,5,6
1332,6,3,5,8,2,4,6
1332,7,8,8,8,7,8,3
1332,8,8,8,8,4,7,8
1333,1,1,1,3,4,3,4
1333,2,1,1,3,4,2,2
1333,3,1,1,4,3,3,4
1333,4,6,8,3,7,7,5
1333,5,8,5,2,8,8,7
1333,6,8,4,8,7,4,5
1333,7,4,8,8,8,8,8
1333,8,8,2,8,8,8,7
1336,1,3,3,4,1,3,1
1336,2,8,3,5,2,4,3
1336,3,5,2,1,3,7,4
1336,4,3,3,7,8,8,2
1336,5,4,5,5,8,4,7
1336,6,7,7,7,8,5,8
1336,7,8,8,8,8,8,7
1336,8,7,5,8,8,7,6
1338,1,2,6,3,6,3,1
1338,2,3,3,3,1,6,6
1338,3,5,4,4,6,1,1
1338,4,6,8,5,8,5,7
1338,5,2,8,8,7,3,1
1338,6,7,4,8,3,4,8
1338,7,8,8,8,8,8,7
1338,8,8,8,6,8,6,8
1345,1,1,3,2,4,2,2
1345,2,3,3,2,4,4,4
1345,3,1,1,4,3,4,1
1345,4,7,6,6,8,7,6
1345,5,4,8,8,8,4,4
1345,6,8,8,7,6,8,6
1345,7,2,8,8,8,6,8
1345,8,8,8,5,8,8,6
1345,9,8,8,8,6,8,8
1345,10,8,8,8,8,8,8
1373,1,7,2,6,5,5,1
1373,2,2,6,2,1,1,5
1373,3,1,5,5,2,5,5
1373,4,1,7,8,8,5,5
1373,5,8,5,5,6,4,4
1373,6,8,2,8,4,6,6
1373,7,8,8,8,5,8,8
1373,8,8,8,8,8,7,5
1386,1,5,4,4,3,1,3
1386,2,2,6,1,5,3,3
1386,3,6,3,6,2,3,4
1386,4,5,6,5,4,8,5
1386,5,5,8,6,8,3,7
1386,6,8,5,3,2,6,7
1386,7,6,8,8,8,7,5
1386,8,8,8,7,8,8,6
1392,1,8,2,2,1,3,5
1392,2,1,2,2,1,8,3
1392,3,1,5,2,2,1,1
1392,4,4,7,6,4,6,8
1392,5,8,8,4,7,6,4
1392,6,7,8,4,5,4,5
1392,7,8,8,7,8,8,8
1392,8,8,8,8,8,8,8
1392,9,8,8,7,7,8,7
1392,10,8,7,8,8,8,8
1400,1,2,2,5,4,3,1
1400,2,3,5,3,2,3,1
1400,3,3,4,2,1,2,4
1400,4,8,8,8,6,4,8
1400,5,8,2,6,2,6,3
1400,6,7,7,2,8,3,8
1400,7,8,8,4,8,8,3
1400,8,7,8,8,8,8,8
1400,9,8,8,8,8,8,8
1400,10,8,8,8,8,8,8
1401,1,5,4,1,2,3,3
1401,2,7,6,3,3,4,3
1401,3,4,6,3,1,3,2
1401,4,3,7,4,7,5,7
1401,5,8,8,7,3,3,3
1401,6,7,8,5,4,5,1
1401,7,8,8,8,8,3,8
1401,8,7,8,8,8,8,8
1416,1,4,4,2,4,6,3
1416,2,2,3,2,4,3,8
1416,3,1,5,3,4,2,4
1416,4,3,8,2,7,5,6
1416,5,2,3,7,6,4,6
1416,6,6,7,3,4,2,8
1416,7,7,8,7,5,6,7
1416,8,8,8,8,8,6,8
1424,1,2,3,4,1,4,4
1424,2,6,5,2,2,1,2
1424,3,2,5,2,3,3,1
1424,4,3,3,6,8,8,3
1424,5,6,4,8,6,4,6
1424,6,6,4,7,4,4,1
1424,7,5,8,6,5,6,4
1424,8,8,7,8,8,8,7
1426,1,3,3,7,1,6,4
1426,2,3,4,4,1,3,2
1426,3,3,2,2,1,2,2
1426,4,2,4,3,6,8,8
1426,5,4,6,4,5,3,7
1426,6,8,3,7,7,3,8
1426,7,8,8,2,6,8,5
1426,8,8,8,8,8,8,8
1455,1,3,4,4,1,1,5
1455,2,3,2,1,3,3,3
1455,3,4,2,2,2,2,4
1455,4,5,8,6,8,5,4
1455,5,4,5,7,8,3,6
1455,6,8,5,5,8,7,8
1455,7,7,6,8,8,7,7
1455,8,8,8,7,4,6,8
1458,1,6,1,4,4,2,1
1458,2,7,1,6,3,4,3
1458,3,2,3,3,1,3,3
1458,4,7,6,8,8,7,8
1458,5,8,6,6,8,5,3
1458,6,6,7,2,4,2,7
1458,7,8,8,8,7,8,8
1458,8,8,8,8,8,5,8
1459,1,1,3,2,2,3,3
1459,2,4,2,2,4,3,2
1459,3,4,2,1,1,2,1
1459,4,NULL,NULL,NULL,NULL,NULL,NULL
1459,5,NULL,NULL,NULL,NULL,NULL,NULL
1459,6,NULL,NULL,NULL,NULL,NULL,NULL
1459,7,NULL,NULL,NULL,NULL,NULL,NULL
1459,8,NULL,NULL,NULL,NULL,NULL,NULL
1467,1,3,1,1,3,4,5
1467,2,2,4,6,1,2,2
1467,3,4,5,3,6,3,3
1467,4,2,5,4,7,7,4
1467,5,5,8,8,8,7,4
1467,6,8,5,7,8,5,6
1467,7,7,8,8,8,8,8
1467,8,4,8,8,8,8,8
1467,9,8,8,8,5,8,8
1467,10,8,7,8,8,8,8
1475,1,1,5,5,3,2,3
1475,2,2,3,4,2,1,3
1475,3,1,3,4,2,2,5
1475,4,8,5,7,1,4,5
1475,5,6,6,8,8,5,7
1475,6,4,3,4,7,5,8
1475,7,8,8,7,7,6,8
1475,8,5,8,8,8,8,8
1493,1,6,3,4,7,3,3
1493,2,2,2,1,2,3,1
1493,3,NULL,NULL,NULL,NULL,NULL,NULL
1493,4,NULL,NULL,NULL,NULL,NULL,NULL
1493,5,NULL,NULL,NULL,NULL,NULL,NULL
1493,6,NULL,NULL,NULL,NULL,NULL,NULL
1493,7,NULL,NULL,NULL,NULL,NULL,NULL
1493,8,NULL,NULL,NULL,NULL,NULL,NULL
1493,9,NULL,NULL,NULL,NULL,NULL,NULL
1493,10,NULL,NULL,NULL,NULL,NULL,NULL
1548,1,4,4,3,3,1,4
1548,2,1,1,4,5,4,4
1548,3,1,3,3,5,2,3
1548,4,5,8,4,2,5,6
1548,5,6,5,5,8,5,5
1548,6,8,8,5,7,3,6
1548,7,8,8,8,8,8,8
1548,8,8,8,8,8,5,7
1548,9,8,8,8,7,8,5
1548,10,8,8,8,8,8,8
1573,1,2,1,2,3,3,3
1573,2,4,2,1,3,3,7
1573,3,3,5,3,1,3,3
1573,4,2,8,1,8,5,5
1573,5,2,1,8,5,6,5
1573,6,7,6,5,7,8,2
1573,7,8,6,8,7,8,8
1573,8,8,8,7,8,7,5
1592,1,4,4,2,1,4,1
1592,2,4,4,5,3,4,2
1592,3,3,3,3,4,4,8
1592,4,5,2,5,3,3,7
1592,5,5,6,4,8,1,8
1592,6,4,6,6,2,6,7
1592,7,8,7,8,8,7,5
1592,8,8,7,8,8,8,8
1608,1,2,1,2,2,4,2
1608,2,4,1,4,3,2,1
1608,3,2,2,3,3,5,3
1608,4,4,3,6,8,5,3
1608,5,3,1,5,5,7,5
1608,6,5,6,3,4,8,4
1608,7,6,8,8,8,5,8
1608,8,7,8,8,8,8,5
1615,1,2,1,3,2,4,3
1615,2,3,1,2,5,2,4
1615,3,4,1,2,4,4,7
1615,4,3,8,2,6,8,4
1615,5,8,7,8,5,6,7
1615,6,5,2,8,8,5,8
1615,7,8,8,8,8,4,8
1615,8,8,6,6,2,8,8
1615,9,8,8,8,8,8,7
1615,10,8,8,8,8,8,8
1635,1,3,5,4,5,2,1
1635,2,1,2,1,3,1,5
1635,3,4,4,2,2,2,2
1635,4,4,4,4,7,4,4
1635,5,8,5,4,8,8,1
1635,6,6,5,4,5,7,6
1635,7,8,8,5,7,8,8
1635,8,6,2,6,8,8,8
1635,9,8,7,7,7,8,8
1635,10,8,8,8,8,7,8
1661,1,2,2,4,5,1,2
1661,2,3,2,5,3,1,1
1661,3,3,2,3,4,4,2
1661,4,8,6,8,2,4,8
1661,5,6,2,8,8,8,5
1661,6,7,5,5,5,5,8
1661,7,8,7,7,8,8,8
1661,8,8,7,8,8,8,8
1663,1,6,4,1,1,2,3
1663,2,1,1,1,2,1,6
1663,3,6,2,2,3,3,2
1663,4,5,1,3,7,6,2
1663,5,6,8,4,8,1,8
1663,6,7,3,5,8,8,7
1663,7,8,5,8,8,8,6
1663,8,8,7,8,8,7,8
1676,1,4,4,3,6,2,2
1676,2,4,1,3,4,1,1
1676,3,2,1,1,4,3,1
1676,4,6,3,7,7,4,2
1676,5,2,5,8,4,6,5
1676,6,4,5,7,8,8,4
1676,7,8,3,8,7,8,7
1676,8,8,7,8,6,8,8
1676,9,6,8,6,8,7,8
1676,10,8,8,8,8,7,8
1680,1,3,2,4,1,2,5
1680,2,2,2,6,1,1,4
1680,3,2,3,6,7,5,1
1680,4,5,5,6,8,4,8
1680,5,3,8,8,8,8,2
1680,6,8,3,6,8,8,6
1680,7,8,8,8,8,8,3
1680,8,8,8,8,8,8,7
1680,9,8,8,8,5,8,8
1680,10,8,8,8,8,8,8
1695,1,1,3,4,2,2,2
1695,2,3,1,3,6,2,6
1695,3,1,2,2,2,1,1
1695,4,NULL,NULL,NULL,NULL,NULL,NULL
1695,5,NULL,NULL,NULL,NULL,NULL,NULL
1695,6,NULL,NULL,NULL,NULL,NULL,NULL
1695,7,NULL,NULL,NULL,NULL,NULL,NULL
1695,8,NULL,NULL,NULL,NULL,NULL,NULL
1696,1,6,1,1,2,4,2
1696,2,3,1,3,2,1,1
1696,3,NULL,NULL,NULL,NULL,NULL,NULL
1696,4,NULL,NULL,NULL,NULL,NULL,NULL
1696,5,NULL,NULL,NULL,NULL,NULL,NULL
1696,6,NULL,NULL,NULL,NULL,NULL,NULL
1696,7,NULL,NULL,NULL,NULL,NULL,NULL
1696,8,NULL,NULL,NULL,NULL,NULL,NULL
1720,1,3,4,1,1,5,2
1720,2,2,3,2,6,3,4
1720,3,1,2,1,4,1,7
1720,4,5,1,4,2,4,8
1720,5,6,8,5,5,7,7
1720,6,8,5,7,6,4,4
1720,7,8,6,6,8,5,8
1720,8,3,7,8,8,8,6
1724,1,6,1,3,2,2,3
1724,2,2,5,4,1,4,3
1724,3,1,4,1,3,5,2
1724,4,5,8,8,5,5,7
1724,5,8,8,7,8,3,8
1724,6,1,8,5,8,8,2
1724,7,7,8,8,7,8,7
1724,8,8,8,8,8,8,8
1738,1,6,3,1,4,4,2
1738,2,7,2,3,1,1,1
1738,3,1,2,2,1,4,5
1738,4,4,6,6,6,8,6
1738,5,4,2,7,6,4,2
1738,6,4,3,8,7,4,5
1738,7,7,8,8,8,7,7
1738,8,7,8,8,8,8,8
1742,1,1,1,4,3,3,4
1742,2,3,4,2,2,2,1
1742,3,1,4,5,2,3,3
1742,4,8,5,7,6,5,4
1742,5,3,8,7,8,7,8
1742,6,5,8,7,1,6,4
1742,7,8,8,8,7,8,8
1742,8,8,8,8,8,8,8
1764,1,4,2,2,3,3,1
1764,2,7,6,3,1,1,1
1764,3,4,2,2,1,4,1
1764,4,3,7,8,8,4,7
1764,5,2,6,4,7,1,3
1764,6,4,4,4,3,5,8
1764,7,8,8,8,8,6,8
1764,8,8,8,8,8,8,8
1765,1,6,3,1,5,2,2
1765,2,5,2,5,1,6,4
1765,3,3,2,1,2,5,4
1765,4,8,3,8,7,8,3
1765,5,8,8,4,8,3,8
1765,6,8,2,3,3,6,8
1765,7,8,2,8,7,8,8
1765,8,8,8,8,8,8,8
1769,1,1,2,2,1,2,2
1769,2,NULL,NULL,NULL,NULL,NULL,NULL
1769,3,NULL,NULL,NULL,NULL,NULL,NULL
1769,4,NULL,NULL,NULL,NULL,NULL,NULL
1769,5,NULL,NULL,NULL,NULL,NULL,NULL
1769,6,NULL,NULL,NULL,NULL,NULL,NULL
1769,7,NULL,NULL,NULL,NULL,NULL,NULL
1769,8,NULL,NULL,NULL,NULL,NULL,NULL
1783,1,3,6,1,5,4,1
1783,2,2,1,2,5,3,2
1783,3,1,3,2,1,1,4
1783,4,3,3,7,3,6,5
1783,5,6,3,4,7,6,6
1783,6,6,8,8,6,8,7
1783,7,7,8,6,8,8,7
1783,8,7,7,8,6,7,8
1796,1,1,5,5,4,1,3
1796,2,4,4,3,2,3,6
1796,3,2,4,1,4,6,4
1796,4,8,8,6,4,8,7
1796,5,7,4,8,4,8,7
1796,6,8,8,3,2,6,7
1796,7,8,5,8,3,5,7
1796,8,8,8,8,6,8,6
1796,9,8,8,8,3,4,7
1796,10,8,8,8,8,8,8
1802,1,5,4,3,1,1,6
1802,2,2,5,2,2,1,2
1802,3,1,2,3,3,3,3
1802,4,5,8,5,2,8,5
1802,5,4,5,8,6,7,5
1802,6,4,3,2,5,8,8
1802,7,8,8,7,6,6,6
1802,8,8,8,8,7,3,7
1820,1,6,1,3,3,5,1
1820,2,4,2,4,1,8,1
1820,3,1,6,1,4,1,1
1820,4,6,7,1,3,5,5
1820,5,5,5,8,6,4,8
1820,6,8,6,4,6,7,8
1820,7,7,8,8,8,8,5
1820,8,8,8,8,8,8,5
1820,9,8,8,8,8,5,8
1820,10,8,8,8,8,8,8
1821,1,2,1,3,1,3,4
1821,2,1,3,1,4,2,1
1821,3,4,1,2,4,4,6
1821,4,4,8,1,7,6,7
1821,5,4,7,7,6,4,8
1821,6,8,8,2,3,8,7
1821,7,7,8,8,8,8,8
1821,8,8,8,8,8,8,7
1828,1,5,2,5,3,3,6
1828,2,4,2,1,5,2,1
1828,3,5,1,3,5,5,5
1828,4,6,8,8,7,6,7
1828,5,8,2,8,6,7,5
1828,6,6,5,6,3,8,6
1828,7,8,6,8,8,8,8
1828,8,7,8,6,8,8,8
1828,9,8,8,8,8,8,8
1828,10,8,8,8,8,8,8
1831,1,1,1,1,1,5,6
1831,2,3,2,5,2,2,1
1831,3,4,3,3,2,4,7
1831,4,8,3,8,7,8,8
1831,5,7,1,7,6,7,5
1831,6,7,7,7,6,7,5
1831,7,8,8,8,8,8,4
1831,8,8,8,8,8,8,8
1831,9,8,8,8,3,6,8
1831,10,8,8,8,8,8,8
1838,1,2,3,3,4,1,1
1838,2,3,6,2,1,4,3
1838,3,3,4,1,5,3,3
1838,4,3,8,1,4,6,7
1838,5,5,6,7,6,7,8
1838,6,2,8,8,4,5,3
1838,7,8,8,8,4,8,8
1838,8,8,8,7,8,7,8
1839,1,5,2,3,3,2,5
1839,2,3,3,1,2,3,4
1839,3,1,5,1,2,4,6
1839,4,5,8,7,7,7,1
1839,5,8,2,8,6,7,8
1839,6,5,5,4,6,4,5
1839,7,8,8,7,8,5,8
1839,8,8,8,5,6,6,8
1839,9,5,8,5,7,8,8
1839,10,8,8,8,8,8,8
1877,1,4,3,6,2,4,4
1877,2,4,6,1,2,1,1
1877,3,2,5,6,2,2,1
1877,4,8,2,6,6,8,8
1877,5,7,5,8,6,7,8
1877,6,1,7,8,1,7,8
1877,7,6,8,8,8,8,8
1877,8,3,8,7,7,8,8
1877,9,8,8,8,8,8,8
1877,10,8,8,8,8,8,8
1878,1,3,4,3,5,4,1
1878,2,2,2,2,5,6,2
1878,3,1,2,3,4,4,3
1878,4,7,2,4,8,2,2
1878,5,6,4,5,5,3,8
1878,6,8,8,8,4,8,5
1878,7,8,8,8,7,7,8
1878,8,5,8,8,8,8,8
1892,1,6,1,4,3,3,2
1892,2,2,3,1,2,2,3
1892,3,2,4,6,4,1,5
1892,4,7,5,6,2,8,6
1892,5,3,4,7,3,4,7
1892,6,1,3,4,5,4,5
1892,7,8,8,5,8,8,4
1892,8,8,5,8,5,5,8
1894,1,2,2,7,1,2,2
1894,2,1,5,5,3,4,2
1894,3,1,3,6,1,2,4
1894,4,3,5,3,6,6,8
1894,5,8,5,7,2,6,8
1894,6,2,8,6,6,7,5
1894,7,8,7,8,8,8,6
1894,8,6,8,8,8,4,8
1894,9,8,8,8,8,1,8
1894,10,8,8,8,8,8,8
1902,1,2,3,4,1,1,3
1902,2,4,3,3,2,1,4
1902,3,3,4,2,3,4,1
1902,4,8,7,6,7,6,8
1902,5,7,8,7,6,4,8
1902,6,4,7,4,8,3,7
1902,7,8,4,5,5,6,8
1902,8,8,7,7,8,8,8
1931,1,2,4,3,1,4,3
1931,2,3,2,3,1,4,2
1931,3,3,8,1,2,1,1
1931,4,8,3,7,1,8,6
1931,5,5,8,3,6,8,5
1931,6,3,7,3,7,7,8
1931,7,8,5,7,8,8,8
1931,8,8,6,5,5,4,7
1931,9,8,8,8,4,8,8
1931,10,8,7,8,8,8,8
1937,1,3,2,4,4,4,4
1937,2,2,5,1,4,3,3
1937,3,3,4,2,1,3,4
1937,4,6,8,8,5,4,8
1937,5,6,7,8,5,6,2
1937,6,6,5,8,5,8,8
1937,7,5,8,8,8,7,8
1937,8,7,8,8,8,6,8
1938,1,5,1,5,3,4,2
1938,2,1,4,8,2,3,4
1938,3,4,2,5,1,7,3
1938,4,5,6,3,5,7,8
1938,5,6,8,8,8,7,8
1938,6,5,4,6,8,8,8
1938,7,8,6,8,5,8,3
1938,8,8,8,8,7,8,8
1941,1,3,5,3,4,1,2
1941,2,2,1,3,4,2,5
1941,3,1,1,3,5,1,2
1941,4,4,7,8,8,2,4
1941,5,8,6,5,8,7,8
1941,6,8,5,5,4,6,5
1941,7,8,8,8,8,8,8
1941,8,8,8,7,8,8,8
1941,9,8,8,8,8,8,8
1941,10,8,8,8,8,8,8
1949,1,7,3,2,4,2,2
1949,2,2,3,5,7,3,1
1949,3,4,1,2,3,6,1
1949,4,4,2,8,8,8,5
1949,5,7,2,2,8,5,8
1949,6,7,4,6,6,8,7
1949,7,8,8,8,2,8,5
1949,8,8,8,4,8,8,8
1952,1,5,2,1,3,1,6
1952,2,8,5,3,1,4,2
1952,3,1,3,5,3,1,4
1952,4,4,6,5,7,4,4
1952,5,7,6,7,4,4,7
1952,6,8,6,6,6,2,5
1952,7,6,6,8,8,6,8
1952,8,8,8,8,8,8,8
1952,9,8,5,4,8,8,8
1952,10,8,8,8,8,8,8
1961,1,1,7,2,2,3,5
1961,2,5,1,1,5,3,3
1961,3,2,4,5,2,2,4
1961,4,8,8,8,6,4,6
1961,5,6,6,3,8,5,6
1961,6,8,3,3,5,7,6
1961,7,4,8,8,8,8,8
1961,8,8,7,4,8,3,8
1961,9,8,6,3,8,8,7
1961,10,8,8,2,6,8,8
1965,1,3,2,7,5,4,4
1965,2,6,6,2,3,2,3
1965,3,2,1,4,2,4,2
1965,4,3,6,2,4,5,7
1965,5,7,4,8,7,8,8
1965,6,8,7,5,4,5,3
1965,7,8,6,8,3,8,6
1965,8,5,8,8,8,8,7
1965,9,8,6,8,8,8,7
1965,10,8,8,8,8,8,8
1970,1,4,5,1,2,2,3
1970,2,3,6,1,4,2,3
1970,3,3,6,2,4,4,1
1970,4,6,8,8,5,5,5
1970,5,3,8,7,2,8,8
1970,6,7,7,6,4,4,7
1970,7,8,3,8,7,5,8
1970,8,8,3,7,6,8,8
1970,9,6,8,8,5,8,8
1970,10,8,8,8,8,8,5
1982,1,3,2,1,2,2,4
1982,2,5,3,3,2,5,2
1982,3,6,1,1,3,2,4
1982,4,5,2,6,7,8,3
1982,5,6,8,5,7,4,5
1982,6,4,3,8,5,5,5
1982,7,8,6,8,8,5,8
1982,8,8,7,4,8,7,8
1982,9,6,8,8,8,8,4
1982,10,8,8,8,8,8,8
1989,1,4,1,6,2,1,1
1989,2,3,2,2,2,5,2
1989,3,4,1,6,2,3,5
1989,4,6,7,6,4,3,2
1989,5,8,5,3,4,3,7
1989,6,1,8,8,8,4,8
1989,7,8,8,8,8,8,8
1989,8,8,7,8,8,8,8
1989,9,8,8,7,8,8,8
1989,10,8,8,8,8,8,8
1990,1,1,6,1,3,2,3
1990,2,3,3,3,8,5,3
1990,3,3,3,3,1,2,3
1990,4,7,5,6,8,3,7
1990,5,7,4,5,8,4,4
1990,6,8,8,8,2,8,5
1990,7,8,8,8,8,8,7
1990,8,8,7,8,8,8,8
1998,1,3,4,3,2,4,3
1998,2,1,3,2,1,1,3
1998,3,NULL,NULL,NULL,NULL,NULL,NULL
1998,4,NULL,NULL,NULL,NULL,NULL,NULL
1998,5,NULL,NULL,NULL,NULL,NULL,NULL
1998,6,NULL,NULL,NULL,NULL,NULL,NULL
1998,7,NULL,NULL,NULL,NULL,NULL,NULL
1998,8,NULL,NULL,NULL,NULL,NULL,NULL
2003,1,4,3,4,4,3,2
2003,2,4,2,2,3,1,1
2003,3,1,3,1,5,1,2
2003,4,6,4,8,4,4,7
2003,5,8,3,8,8,4,6
2003,6,6,5,3,8,8,5
2003,7,8,7,7,6,6,8
2003,8,8,8,5,8,8,3
2013,1,1,2,4,3,3,2
2013,2,5,2,5,4,2,1
2013,3,1,5,4,3,3,6
2013,4,7,8,6,8,4,6
2013,5,8,8,8,6,8,6
2013,6,8,3,7,3,4,8
2013,7,6,6,8,7,6,6
2013,8,8,8,8,8,8,7
2019,1,8,2,3,6,4,4
2019,2,2,1,3,4,3,4
2019,3,1,1,6,2,4,2
2019,4,8,4,8,4,8,8
2019,5,8,7,6,8,5,7
2019,6,3,6,6,6,5,5
2019,7,8,8,7,8,8,8
2019,8,8,6,8,8,8,7
2019,9,7,8,8,8,7,8
2019,10,8,8,8,8,8,8
2020,1,6,1,3,4,3,1
2020,2,1,1,4,4,6,1
2020,3,3,2,3,1,3,4
2020,4,5,6,4,1,8,3
2020,5,8,8,7,8,7,8
2020,6,8,6,5,3,7,8
2020,7,8,8,8,8,8,6
2020,8,8,8,6,7,8,7
2037,1,3,5,3,3,1,8
2037,2,4,2,3,1,6,2
2037,3,6,4,2,3,5,3
2037,4,7,3,6,6,7,3
2037,5,1,2,3,7,4,8
2037,6,7,5,6,7,8,8
2037,7,8,8,7,5,7,8
2037,8,8,8,8,8,8,8
2046,1,2,8,5,3,7,5
2046,2,3,1,1,5,7,3
2046,3,4,3,2,2,3,2
2046,4,4,8,8,5,8,5
2046,5,7,3,7,2,8,7
2046,6,3,4,5,8,5,7
2046,7,7,8,7,8,8,6
2046,8,8,8,8,8,8,8
2046,9,8,8,8,8,5,8
2046,10,8,8,8,8,8,8
2055,1,2,4,2,4,1,2
2055,2,5,3,1,3,4,3
2055,3,1,4,4,3,2,4
2055,4,6,2,7,8,8,8
2055,5,6,6,7,5,7,5
2055,6,5,8,4,7,5,4
2055,7,8,7,6,5,6,5
2055,8,8,8,8,8,8,8
2055,9,8,8,7,8,4,8
2055,10,8,8,8,8,8,8
2065,1,1,7,3,2,3,3
2065,2,4,1,6,5,2,3
2065,3,2,4,3,3,2,1
2065,4,3,6,8,3,8,8
2065,5,4,2,6,4,8,5
2065,6,6,8,8,6,3,3
2065,7,8,8,8,3,8,7
2065,8,5,8,8,8,8,6
2080,1,7,1,4,2,2,3
2080,2,1,5,3,3,3,3
2080,3,4,7,4,3,1,4
2080,4,4,6,8,5,5,8
2080,5,7,8,2,8,5,3
2080,6,2,5,6,8,7,6
2080,7,8,8,8,8,6,8
2080,8,8,7,8,7,5,7
2096,1,1,4,2,4,5,6
2096,2,2,1,1,2,6,6
2096,3,3,5,3,2,2,2
2096,4,8,3,8,7,8,7
2096,5,4,6,7,6,5,7
2096,6,4,6,8,5,5,6
2096,7,8,8,6,8,8,8
2096,8,6,8,8,8,8,8
2103,1,2,3,3,6,2,2
2103,2,2,2,7,3,1,5
2103,3,2,3,3,8,3,2
2103,4,6,7,7,6,8,6
2103,5,8,8,4,6,5,8
2103,6,5,6,4,6,8,6
2103,7,8,2,8,8,8,8
2103,8,8,6,8,8,8,8
2103,9,8,6,4,5,8,6
2103,10,8,8,8,8,8,8
2109,1,5,1,3,1,3,6
2109,2,3,2,2,1,4,5
2109,3,4,4,2,2,5,1
2109,4,4,4,5,5,7,4
2109,5,5,6,8,7,7,7
2109,6,8,7,8,6,8,4
2109,7,8,8,8,8,8,8
2109,8,8,3,8,8,8,8
2121,1,3,3,2,2,2,4
2121,2,2,3,1,5,3,4
2121,3,1,4,3,2,3,6
2121,4,6,7,6,8,2,6
2121,5,8,8,6,6,6,7
2121,6,8,4,4,6,5,4
2121,7,8,8,8,6,8,4
2121,8,8,8,8,7,8,8
2122,1,5,4,2,2,3,4
2122,2,2,2,3,1,4,3
2122,3,3,5,3,2,1,2
2122,4,4,6,7,6,3,7
2122,5,5,8,4,8,6,4
2122,6,8,5,7,8,8,8
2122,7,7,8,8,8,8,8
2122,8,8,5,8,8,8,8
2122,9,8,8,8,8,3,8
2122,10,8,8,8,8,8,8
2136,1,2,7,1,6,5,4
2136,2,2,3,1,1,4,1
2136,3,1,4,2,1,1,2
2136,4,NULL,NULL,NULL,NULL,NULL,NULL
2136,5,NULL,NULL,NULL,NULL,NULL,NULL
2136,6,NULL,NULL,NULL,NULL,NULL,NULL
2136,7,NULL,NULL,NULL,NULL,NULL,NULL
2136,8,NULL,NULL,NULL,NULL,NULL,NULL
2136,9,NULL,NULL,NULL,NULL,NULL,NULL
2136,10,NULL,NULL,NULL,NULL,NULL,NULL
2152,1,4,2,4,1,2,3
2152,2,3,4,2,5,3,2
2152,3,3,2,3,3,3,3
2152,4,6,8,2,4,8,3
2152,5,4,4,5,7,6,6
2152,6,3,4,8,8,5,7
2152,7,8,6,8,8,7,8
2152,8,8,5,8,8,7,5
2152,9,8,8,8,4,7,8
2152,10,8,8,8,8,8,8
2170,1,3,5,1,5,1,2
2170,2,5,1,3,3,3,5
2170,3,1,4,3,2,2,1
2170,4,4,8,5,7,5,8
2170,5,3,8,4,2,8,8
2170,6,4,5,8,4,5,6
2170,7,5,8,5,8,7,8
2170,8,8,7,8,8,8,5
2204,1,1,3,2,2,4,3
2204,2,1,1,3,3,1,1
2204,3,NULL,NULL,NULL,NULL,NULL,NULL
2204,4,NULL,NULL,NULL,NULL,NULL,NULL
2204,5,NULL,NULL,NULL,NULL,NULL,NULL
2204,6,NULL,NULL,NULL,NULL,NULL,NULL
2204,7,NULL,NULL,NULL,NULL,NULL,NULL
2204,8,NULL,NULL,NULL,NULL,NULL,NULL
2204,9,NULL,NULL,NULL,NULL,NULL,NULL
2204,10,NULL,NULL,NULL,NULL,NULL,NULL
2215,1,2,5,3,4,5,2
2215,2,3,7,6,2,1,2
2215,3,1,3,6,3,1,4
2215,4,8,5,4,3,2,8
2215,5,8,6,4,4,5,6
2215,6,8,5,7,5,6,7
2215,7,7,8,8,7,8,8
2215,8,7,8,8,8,8,8
2224,1,3,4,2,7,6,1
2224,2,2,3,6,5,2,1
2224,3,3,2,2,5,3,7
2224,4,4,4,8,1,7,8
2224,5,5,6,5,4,8,3
2224,6,8,5,7,4,8,8
2224,7,4,8,8,3,7,8
2224,8,7,8,8,8,8,8
2224,9,6,8,8,7,8,8
2224,10,8,8,8,8,8,8
2232,1,3,5,4,4,1,1
2232,2,3,8,2,5,1,1
2232,3,3,1,2,5,1,4
2232,4,4,8,7,6,8,5
2232,5,8,5,4,4,1,7
2232,6,4,7,5,6,5,4
2232,7,8,8,8,8,8,6
2232,8,4,2,6,8,8,8
2232,9,8,8,8,8,4,7
2232,10,8,7,8,8,8,8
2240,1,1,2,2,1,1,2
2240,2,NULL,NULL,NULL,NULL,NULL,NULL
2240,3,NULL,NULL,NULL,NULL,NULL,NULL
2240,4,NULL,NULL,NULL,NULL,NULL,NULL
2240,5,NULL,NULL,NULL,NULL,NULL,NULL
2240,6,NULL,NULL,NULL,NULL,NULL,NULL
2240,7,NULL,NULL,NULL,NULL,NULL,NULL
2240,8,NULL,NULL,NULL,NULL,NULL,NULL
2240,9,NULL,NULL,NULL,NULL,NULL,NULL
2240,10,NULL,NULL,NULL,NULL,NULL,NULL
2244,1,5,2,1,4,2,4
2244,2,3,4,5,1,1,3
2244,3,5,5,6,4,1,1
2244,4,6,6,2,8,3,8
2244,5,8,3,7,4,8,8
2244,6,8,8,8,8,5,4
2244,7,7,8,8,6,8,8
2244,8,8,4,8,8,8,8
2244,9,8,6,6,8,8,8
2244,10,8,8,8,8,8,8
2259,1,4,2,5,1,1,3
2259,2,3,3,3,3,3,1
2259,3,3,2,6,1,5,4
2259,4,6,3,1,7,6,6
2259,5,8,3,5,3,8,5
2259,6,6,8,5,5,8,1
2259,7,8,8,5,4,7,8
2259,8,8,8,6,8,8,8
2259,9,8,8,8,8,8,8
2259,10,8,8,8,7,8,8
2283,1,2,3,3,1,3,5
2283,2,2,4,1,1,5,1
2283,3,2,4,4,3,1,3
2283,4,3,8,7,8,8,5
2283,5,1,6,5,3,7,8
2283,6,8,8,5,3,7,6
2283,7,8,8,3,7,8,8
2283,8,4,3,8,7,6,8
2283,9,8,5,8,8,6,8
2283,10,8,8,6,8,8,8
2309,1,1,1,4,1,4,1
2309,2,5,6,1,1,1,3
2309,3,5,7,5,3,4,5
2309,4,8,8,3,6,6,5
2309,5,5,3,4,8,5,6
2309,6,5,8,6,4,2,8
2309,7,6,8,8,8,5,8
2309,8,8,8,6,8,8,8
2309,9,7,4,8,8,8,8
2309,10,8,8,8,8,8,8
2348,1,6,2,1,5,6,5
2348,2,4,1,5,5,4,3
2348,3,1,2,1,3,5,1
2348,4,7,8,8,3,4,5
2348,5,8,5,7,4,4,8
2348,6,1,6,7,5,8,5
2348,7,3,6,6,8,8,8
2348,8,8,5,8,8,8,8
2348,9,8,7,8,8,8,8
2348,10,8,8,8,6,8,8
2381,1,6,1,2,1,5,7
2381,2,5,2,6,2,2,1
2381,3,5,2,5,3,3,2
2381,4,5,4,4,8,3,8
2381,5,4,6,7,7,8,5
2381,6,3,2,8,5,6,8
2381,7,8,8,7,8,8,8
2381,8,6,7,8,8,8,7
2386,1,2,3,5,4,5,3
2386,2,2,8,4,2,2,4
2386,3,3,4,3,3,7,1
2386,4,7,5,7,6,5,8
2386,5,4,8,8,8,3,5
2386,6,7,6,8,4,5,8
2386,7,8,8,8,8,8,7
2386,8,8,8,5,8,8,5
2412,1,2,4,1,2,6,2
2412,2,3,2,4,5,1,3
2412,3,3,5,4,4,7,1
2412,4,4,5,6,8,3,3
2412,5,5,2,5,6,4,3
2412,6,7,7,8,8,8,7
2412,7,6,8,2,6,8,6
2412,8,6,8,7,8,7,7
2412,9,8,7,8,2,8,8
2412,10,8,8,8,8,8,8
2423,1,1,1,4,4,2,4
2423,2,1,7,1,1,1,3
2423,3,2,5,6,3,4,2
2423,4,6,6,3,8,6,6
2423,5,8,8,8,5,5,4
2423,6,5,6,7,3,7,4
2423,7,8,8,8,8,8,8
2423,8,8,6,8,6,4,8
2431,1,1,4,4,3,2,3
2431,2,1,1,1,1,4,1
2431,3,NULL,NULL,NULL,NULL,NULL,NULL
2431,4,NULL,NULL,NULL,NULL,NULL,NULL
2431,5,NULL,NULL,NULL,NULL,NULL,NULL
2431,6,NULL,NULL,NULL,NULL,NULL,NULL
2431,7,NULL,NULL,NULL,NULL,NULL,NULL
2431,8,NULL,NULL,NULL,NULL,NULL,NULL
2433,1,6,1,3,2,3,1
2433,2,1,4,3,4,2,1
2433,3,5,5,3,2,4,3
2433,4,8,7,7,3,8,8
2433,5,5,2,6,4,8,6
2433,6,4,3,3,5,6,1
2433,7,8,6,8,8,8,8
2433,8,8,8,8,8,8,8
2434,1,3,2,2,6,3,1
2434,2,2,4,2,2,5,2
2434,3,1,2,7,2,2,2
2434,4,8,5,6,7,7,5
2434,5,6,5,6,3,4,5
2434,6,6,6,5,7,7,1
2434,7,7,8,8,4,5,8
2434,8,8,8,8,7,7,7
2434,9,8,8,8,6,8,8
2434,10,8,8,8,6,8,8
2449,1,4,3,6,2,3,1
2449,2,1,3,1,1,1,4
2449,3,NULL,NULL,NULL,NULL,NULL,NULL
2449,4,NULL,NULL,NULL,NULL,NULL,NULL
2449,5,NULL,NULL,NULL,NULL,NULL,NULL
2449,6,NULL,NULL,NULL,NULL,NULL,NULL
2449,7,NULL,NULL,NULL,NULL,NULL,NULL
2449,8,NULL,NULL,NULL,NULL,NULL,NULL
2449,9,NULL,NULL,NULL,NULL,NULL,NULL
2449,10,NULL,NULL,NULL,NULL,NULL,NULL
2483,1,3,4,3,2,4,2
2483,2,1,8,3,2,2,4
2483,3,3,7,2,2,2,5
2483,4,8,5,4,8,8,4
2483,5,6,6,4,4,5,5
2483,6,6,7,7,3,8,5
2483,7,8,8,8,3,8,8
2483,8,8,7,8,8,8,8
2483,9,6,8,8,8,4,7
2483,10,8,8,8,8,8,8
2488,1,4,3,3,1,4,2
2488,2,1,3,4,2,1,3
2488,3,1,1,3,4,3,1
2488,4,7,8,6,6,5,6
2488,5,8,6,7,8,7,7
2488,6,8,8,5,4,5,7
2488,7,8,8,8,4,8,7
2488,8,8,6,4,4,8,8
2511,1,2,1,3,4,3,1
2511,2,4,2,6,4,5,1
2511,3,2,5,4,1,3,2
2511,4,6,8,6,8,6,5
2511,5,5,8,8,6,6,8
2511,6,8,2,7,8,5,4
2511,7,7,7,8,7,8,6
2511,8,8,7,6,8,4,8
2513,1,3,5,2,4,1,3
2513,2,2,1,5,3,4,3
2513,3,3,8,1,2,2,1
2513,4,8,4,2,5,2,5
2513,5,1,8,6,8,5,1
2513,6,8,3,8,8,8,5
2513,7,8,8,8,8,7,8
2513,8,8,8,8,8,6,8
2525,1,4,2,3,1,3,3
2525,2,5,2,2,2,2,1
2525,3,2,5,2,1,8,3
2525,4,6,7,7,5,7,6
2525,5,8,5,5,2,6,8
2525,6,2,7,6,6,7,4
2525,7,6,8,8,7,8,8
2525,8,8,8,6,8,5,8
2528,1,2,2,4,2,5,3
2528,2,1,3,2,1,6,2
2528,3,3,3,2,3,7,3
2528,4,5,4,7,5,4,4
2528,5,8,8,8,5,3,3
2528,6,7,2,5,7,5,8
2528,7,7,8,8,2,6,8
2528,8,8,8,4,8,8,4
2528,9,8,7,8,8,5,6
2528,10,8,8,8,8,8,8
2529,1,3,3,2,3,7,1
2529,2,3,2,4,1,3,4
2529,3,1,3,2,3,5,1
2529,4,8,8,4,5,3,8
2529,5,6,7,6,3,8,1
2529,6,2,8,8,8,7,7
2529,7,6,8,7,5,5,8
2529,8,8,6,8,8,7,8
2529,9,7,8,8,1,8,4
2529,10,8,8,8,7,8,8
2588,1,1,3,8,2,2,5
2588,2,2,6,4,5,2,7
2588,3,3,2,3,2,1,3
2588,4,8,3,8,1,6,4
2588,5,8,8,1,8,7,6
2588,6,8,8,8,4,5,8
2588,7,8,8,8,8,8,5
2588,8,8,8,8,8,8,8
2588,9,7,3,8,8,8,8
2588,10,8,8,8,8,7,8
2589,1,5,4,3,5,3,1
2589,2,3,3,5,2,1,3
2589,3,1,1,2,2,1,3
2589,4,NULL,NULL,NULL,NULL,NULL,NULL
2589,5,NULL,NULL,NULL,NULL,NULL,NULL
2589,6,NULL,NULL,NULL,NULL,NULL,NULL
2589,7,NULL,NULL,NULL,NULL,NULL,NULL
2589,8,NULL,NULL,NULL,NULL,NULL,NULL
2589,9,NULL,NULL,NULL,NULL,NULL,NULL
2589,10,NULL,NULL,NULL,NULL,NULL,NULL
2590,1,2,2,3,5,2,1
2590,2,3,1,1,3,1,4
2590,3,5,1,4,3,6,4
2590,4,5,5,7,3,8,7
2590,5,8,8,5,5,3,4
2590,6,5,8,5,6,6,4
2590,7,8,6,6,8,8,7
2590,8,8,8,8,8,8,8
2590,9,8,8,5,8,8,8
2590,10,8,8,8,8,8,8
2605,1,2,4,4,1,3,7
2605,2,1,3,4,3,1,3
2605,3,2,1,2,2,5,3
2605,4,8,6,7,8,4,5
2605,5,7,8,7,8,4,4
2605,6,3,2,7,6,5,8
2605,7,6,7,8,8,7,8
2605,8,8,4,8,4,8,8
2605,9,8,5,8,8,8,8
2605,10,8,8,8,8,8,8
2608,1,1,4,6,5,1,1
2608,2,1,6,4,3,1,6
2608,3,4,4,4,6,1,4
2608,4,7,6,5,5,4,4
2608,5,5,8,7,4,4,5
2608,6,3,6,4,5,7,8
2608,7,8,8,2,7,7,8
2608,8,8,8,1,2,6,7
2609,1,4,4,1,3,1,4
2609,2,5,4,6,5,3,4
2609,3,3,3,2,3,2,4
2609,4,8,7,6,6,5,5
2609,5,3,8,5,8,6,7
2609,6,5,8,8,2,5,8
2609,7,8,8,8,8,8,8
2609,8,8,7,5,7,8,7
2609,9,8,8,8,4,8,7
2609,10,8,8,8,8,8,8
2610,1,4,1,1,3,3,4
2610,2,5,1,3,1,4,4
2610,3,2,3,1,5,1,4
2610,4,1,7,7,7,1,4
2610,5,6,6,6,6,5,5
2610,6,6,4,6,5,8,4
2610,7,8,8,8,8,8,8
2610,8,7,1,8,8,8,4
2660,1,2,1,2,4,1,8
2660,2,6,1,4,3,1,1
2660,3,4,6,3,6,3,1
2660,4,5,6,7,8,8,4
2660,5,8,8,7,6,6,7
2660,6,5,8,6,7,3,8
2660,7,8,8,7,8,5,8
2660,8,8,8,8,8,8,8
2692,1,1,5,4,4,3,6
2692,2,4,4,3,1,2,2
2692,3,2,3,6,1,5,1
2692,4,3,7,3,2,6,3
2692,5,6,4,7,7,8,7
2692,6,8,6,8,7,4,5
2692,7,8,8,6,8,8,8
2692,8,7,4,8,8,8,8
2692,9,8,8,8,8,8,8
2692,10,8,8,8,8,8,8
2699,1,5,5,6,5,4,2
2699,2,4,5,4,5,4,3
2699,3,3,2,1,3,4,4
2699,4,7,7,5,1,6,8
2699,5,6,8,8,5,5,8
2699,6,3,5,6,7,8,7
2699,7,8,8,6,6,8,8
2699,8,8,8,8,8,8,8
2699,9,8,7,8,8,8,6
2699,10,8,8,8,8,8,8
2727,1,4,4,1,4,5,3
2727,2,2,5,4,3,3,2
2727,3,2,4,5,4,1,3
2727,4,8,6,7,8,4,6
2727,5,8,7,8,7,1,7
2727,6,3,7,2,5,6,6
2727,7,8,8,8,8,8,4
2727,8,6,8,8,8,8,6
2728,1,3,2,4,3,1,4
2728,2,3,3,5,1,2,1
2728,3,2,5,3,3,3,4
2728,4,4,8,4,1,4,5
2728,5,6,4,5,4,1,5
2728,6,6,6,8,6,3,5
2728,7,8,8,8,8,7,8
2728,8,8,7,4,8,8,5
2728,9,8,6,8,8,8,5
2728,10,8,8,8,8,8,8
2740,1,4,4,1,4,5,4
2740,2,3,5,1,5,3,4
2740,3,3,3,5,1,4,2
2740,4,8,4,3,6,4,6
2740,5,5,6,4,6,7,6
2740,6,6,6,6,5,7,3
2740,7,8,8,8,8,8,8
2740,8,8,8,8,8,8,8
2740,9,8,8,6,8,4,8
2740,10,8,8,8,8,8,8
2742,1,1,5,4,2,1,3
2742,2,1,3,1,2,1,3
2742,3,NULL,NULL,NULL,NULL,NULL,NULL
2742,4,NULL,NULL,NULL,NULL,NULL,NULL
2742,5,NULL,NULL,NULL,NULL,NULL,NULL
2742,6,NULL,NULL,NULL,NULL,NULL,NULL
2742,7,NULL,NULL,NULL,NULL,NULL,NULL
2742,8,NULL,NULL,NULL,NULL,NULL,NULL
2742,9,NULL,NULL,NULL,NULL,NULL,NULL
2742,10,NULL,NULL,NULL,NULL,NULL,NULL
2778,1,1,5,4,2,7,4
2778,2,5,4,2,4,3,6
2778,3,4,4,5,3,2,8
2778,4,6,8,8,6,6,3
2778,5,3,6,8,8,4,7
2778,6,8,7,5,5,8,5
2778,7,7,8,8,6,8,6
2778,8,8,4,8,8,8,8
2788,1,1,3,3,7,2,2
2788,2,1,2,3,6,4,1
2788,3,2,7,2,2,2,3
2788,4,8,5,4,6,7,7
2788,5,3,1,8,6,3,5
2788,6,7,2,8,4,5,4
2788,7,8,8,7,8,7,7
2788,8,8,8,8,3,8,8
2791,1,2,3,5,4,3,5
2791,2,4,2,3,3,6,2
2791,3,1,3,3,1,3,1
2791,4,4,6,4,8,6,7
2791,5,6,6,8,4,5,3
2791,6,3,7,4,8,5,5
2791,7,8,8,8,8,8,8
2791,8,8,8,8,8,8,8
2801,1,2,4,1,3,3,3
2801,2,5,5,2,3,1,4
2801,3,3,1,7,1,1,3
2801,4,5,3,8,6,8,8
2801,5,5,7,3,5,5,1
2801,6,7,3,6,1,6,2
2801,7,6,7,8,8,8,8
2801,8,8,8,8,6,6,8
2805,1,3,3,2,5,4,4
2805,2,3,1,2,4,1,1
2805,3,2,4,3,2,3,4
2805,4,1,2,7,6,7,5
2805,5,8,4,6,7,8,6
2805,6,8,8,6,7,8,8
2805,7,8,8,8,8,8,6
2805,8,7,8,8,7,8,4
2806,1,4,4,3,4,5,6
2806,2,2,6,4,2,5,1
2806,3,4,3,4,4,2,2
2806,4,8,8,7,5,8,5
2806,5,7,2,6,8,5,2
2806,6,8,4,7,7,3,8
2806,7,8,8,5,8,8,7
2806,8,8,8,6,8,7,7
2807,1,1,7,3,1,4,3
2807,2,5,1,6,1,1,3
2807,3,3,4,4,1,2,4
2807,4,4,6,3,8,4,8
2807,5,5,5,5,4,5,4
2807,6,4,7,8,5,8,6
2807,7,8,8,8,8,8,8
2807,8,7,8,8,5,7,6
2847,1,2,4,1,2,3,4
2847,2,2,2,2,3,8,6
2847,3,4,3,2,6,3,4
2847,4,4,5,6,6,6,6
2847,5,6,8,6,6,5,5
2847,6,5,8,8,4,8,6
2847,7,8,7,8,8,8,8
2847,8,8,8,8,6,7,6
2878,1,2,3,3,4,4,4
2878,2,4,1,5,4,4,3
2878,3,2,1,1,1,1,4
2878,4,NULL,NULL,NULL,NULL,NULL,NULL
2878,5,NULL,NULL,NULL,NULL,NULL,NULL
2878,6,NULL,NULL,NULL,NULL,NULL,NULL
2878,7,NULL,NULL,NULL,NULL,NULL,NULL
2878,8,NULL,NULL,NULL,NULL,NULL,NULL
2896,1,4,5,3,2,3,2
2896,2,3,2,5,4,1,1
2896,3,6,3,2,3,1,4
2896,4,8,5,8,8,4,8
2896,5,8,3,1,3,8,5
2896,6,4,4,8,4,5,4
2896,7,8,7,7,8,8,8
2896,8,8,7,8,8,8,8
2898,1,2,3,2,3,1,3
2898,2,5,5,1,4,4,1
2898,3,2,3,3,3,1,6
2898,4,4,7,2,6,5,6
2898,5,6,6,4,7,5,8
2898,6,7,2,5,8,7,7
2898,7,8,8,8,8,8,8
2898,8,8,7,8,8,6,8
2899,1,3,2,3,3,1,2
2899,2,1,2,4,5,3,5
2899,3,3,4,7,2,7,1
2899,4,8,8,6,2,1,4
2899,5,2,2,7,1,1,8
2899,6,6,3,8,3,4,6
2899,7,8,6,8,5,8,8
2899,8,6,8,6,8,8,8
2906,1,3,3,6,2,4,2
2906,2,2,1,2,3,2,5
2906,3,1,2,2,3,3,1
2906,4,6,7,6,3,5,4
2906,5,7,6,7,5,8,3
2906,6,6,8,6,8,4,6
2906,7,8,8,7,8,8,8
2906,8,8,8,8,8,8,8
2912,1,3,2,2,1,2,5
2912,2,1,2,2,2,2,5
2912,3,2,1,6,1,5,3
2912,4,2,1,8,8,3,5
2912,5,1,8,6,8,6,4
2912,6,3,4,6,7,8,8
2912,7,8,8,8,8,8,8
2912,8,8,8,6,8,8,4
2912,9,7,8,6,8,7,6
2912,10,7,8,8,8,8,8
2927,1,4,4,2,3,3,3
2927,2,4,1,4,2,3,2
2927,3,3,1,5,1,2,6
2927,4,7,5,3,5,8,4
2927,5,8,8,7,4,2,7
2927,6,6,5,6,7,5,4
2927,7,8,4,8,8,8,6
2927,8,8,8,8,7,7,7
2927,9,8,8,8,8,8,6
2927,10,8,8,8,8,8,8
2930,1,5,1,1,4,4,1
2930,2,2,4,1,3,6,1
2930,3,1,5,4,1,2,3
2930,4,8,3,5,6,8,7
2930,5,5,2,5,8,4,3
2930,6,3,7,1,6,4,7
2930,7,8,7,8,8,5,6
2930,8,8,8,8,8,8,8
2935,1,4,4,1,2,1,4
2935,2,3,2,3,3,1,1
2935,3,2,2,3,3,5,2
2935,4,6,8,6,2,3,6
2935,5,4,6,7,6,4,5
2935,6,5,7,5,7,4,5
2935,7,6,8,7,8,8,8
2935,8,8,8,8,8,8,5
2935,9,3,5,6,8,6,7
2935,10,8,8,4,8,8,8
2941,1,1,5,2,1,5,1
2941,2,2,3,2,6,1,1
2941,3,2,1,5,7,4,1
2941,4,8,7,7,8,8,7
2941,5,5,5,6,7,8,5
2941,6,7,3,5,3,7,8
2941,7,4,7,4,8,8,7
2941,8,6,6,8,8,7,8
2961,1,2,1,3,1,2,5
2961,2,3,1,1,2,2,2
2961,3,NULL,NULL,NULL,NULL,NULL,NULL
2961,4,NULL,NULL,NULL,NULL,NULL,NULL
2961,5,NULL,NULL,NULL,NULL,NULL,NULL
2961,6,NULL,NULL,NULL,NULL,NULL,NULL
2961,7,NULL,NULL,NULL,NULL,NULL,NULL
2961,8,NULL,NULL,NULL,NULL,NULL,NULL
3016,1,3,1,5,4,3,1
3016,2,3,1,3,2,2,3
3016,3,5,2,4,6,1,1
3016,4,8,8,2,8,5,8
3016,5,4,2,4,3,8,5
3016,6,8,6,3,4,5,6
3016,7,7,8,8,8,8,8
3016,8,7,8,8,8,3,8
3016,9,8,8,7,8,7,8
3016,10,8,6,8,6,8,8
3022,1,3,3,2,1,3,2
3022,2,2,2,5,2,5,1
3022,3,4,4,4,2,1,3
3022,4,4,7,6,4,8,5
3022,5,4,6,8,5,8,4
3022,6,6,3,5,6,8,4
3022,7,6,8,8,8,8,8
3022,8,8,8,8,4,8,8
3022,9,8,5,8,8,4,6
3022,10,8,8,7,6,8,8
3023,1,1,1,3,7,5,5
3023,2,1,6,2,5,1,5
3023,3,3,1,5,4,4,2
3023,4,7,6,6,4,6,4
3023,5,2,7,8,7,3,8
3023,6,4,8,8,3,5,8
3023,7,8,6,8,8,8,4
3023,8,8,8,8,8,8,8
3031,1,3,2,1,5,2,1
3031,2,5,1,1,2,6,3
3031,3,2,5,3,2,2,5
3031,4,8,5,8,6,8,4
3031,5,8,6,4,4,6,3
3031,6,3,7,6,5,2,5
3031,7,7,8,8,8,5,5
3031,8,7,8,8,8,8,8
3043,1,1,3,2,1,2,3
3043,2,4,4,3,3,3,1
3043,3,3,2,6,3,4,1
3043,4,8,3,7,6,8,1
3043,5,7,4,8,6,4,5
3043,6,7,5,6,2,8,3
3043,7,3,6,8,8,8,8
3043,8,6,8,8,8,8,8
3047,1,6,3,2,3,3,2
3047,2,2,4,3,3,3,3
3047,3,1,1,5,3,3,3
3047,4,5,7,4,4,8,4
3047,5,3,6,5,6,7,6
3047,6,8,3,8,8,3,6
3047,7,6,7,8,8,6,8
3047,8,8,8,8,8,6,8
3064,1,2,2,2,1,3,4
3064,2,1,3,2,1,3,3
3064,3,3,6,1,2,3,1
3064,4,5,3,8,7,5,2
3064,5,6,4,7,7,7,3
3064,6,5,2,6,4,6,2
3064,7,6,8,8,8,8,7
3064,8,3,8,8,8,6,8
3087,1,6,4,1,2,4,2
3087,2,2,4,3,3,7,3
3087,3,3,4,4,2,5,4
3087,4,7,7,2,5,5,7
3087,5,6,8,8,8,6,2
3087,6,6,5,6,7,5,8
3087,7,8,8,8,7,8,8
3087,8,8,6,8,5,8,6
3087,9,8,7,7,6,8,5
3087,10,8,8,8,8,8,7
3091,1,3,4,2,2,7,4
3091,2,1,2,5,3,5,2
3091,3,5,4,8,6,2,3
3091,4,2,7,8,8,7,7
3091,5,3,4,2,8,4,8
3091,6,3,5,6,8,3,5
3091,7,8,5,6,6,7,7
3091,8,7,8,4,8,7,8
3091,9,8,8,5,8,8,7
3091,10,8,8,8,8,7,8
3117,1,2,3,4,2,2,3
3117,2,5,2,5,2,1,2
3117,3,1,2,3,4,1,2
3117,4,5,5,4,8,8,7
3117,5,6,5,8,5,7,8
3117,6,7,6,8,5,3,6
3117,7,8,8,8,8,8,8
3117,8,6,8,8,6,6,7
3136,1,2,4,1,4,3,2
3136,2,4,3,2,4,4,2
3136,3,1,1,4,7,5,3
3136,4,4,3,4,6,7,4
3136,5,6,7,8,4,8,5
3136,6,4,5,5,6,7,8
3136,7,8,8,4,7,8,8
3136,8,8,8,8,8,8,4
3136,9,8,8,7,6,7,8
3136,10,6,8,8,8,8,8
3152,1,7,6,5,2,2,2
3152,2,4,1,3,1,4,4
3152,3,2,6,2,1,4,4
3152,4,8,8,8,8,4,5
3152,5,1,5,3,8,8,7
3152,6,8,6,5,3,5,8
3152,7,5,8,8,8,8,8
3152,8,8,7,8,7,6,8
3152,9,8,8,8,2,8,8
3152,10,8,8,8,8,8,8
3165,1,7,4,3,3,1,4
3165,2,4,2,4,2,2,3
3165,3,6,2,3,4,3,3
3165,4,5,8,2,7,5,5
3165,5,8,5,8,6,6,6
3165,6,5,8,7,8,6,8
3165,7,7,8,8,8,5,8
3165,8,7,8,8,8,7,7
3174,1,6,3,4,1,2,4
3174,2,4,1,1,3,2,2
3174,3,2,1,6,3,3,1
3174,4,8,2,6,5,8,8
3174,5,6,6,6,8,3,5
3174,6,8,7,3,3,8,6
3174,7,8,8,8,8,8,8
3174,8,6,3,4,8,8,8
3177,1,6,1,3,1,2,2
3177,2,2,3,4,2,2,3
3177,3,3,5,2,3,3,1
3177,4,1,5,7,8,4,8
3177,5,2,3,8,8,1,8
3177,6,7,2,6,4,6,3
3177,7,8,7,4,8,8,8
3177,8,8,8,8,6,6,4
3193,1,1,7,1,4,2,4
3193,2,3,5,8,2,4,2
3193,3,1,2,4,2,8,2
3193,4,2,7,5,6,5,3
3193,5,5,6,6,3,8,2
3193,6,6,7,8,6,6,5
3193,7,8,8,8,8,8,8
3193,8,8,8,3,6,6,8
3198,1,4,3,1,2,4,4
3198,2,4,7,2,7,2,2
3198,3,4,2,4,3,3,3
3198,4,5,8,6,7,8,4
3198,5,7,8,5,5,4,5
3198,6,7,7,3,7,8,7
3198,7,8,8,3,7,8,5
3198,8,5,8,8,8,6,8
3201,1,1,2,3,2,4,3
3201,2,4,5,5,2,5,1
3201,3,4,1,2,1,3,2
3201,4,5,7,4,5,3,6
3201,5,4,4,8,4,5,7
3201,6,4,5,8,6,8,5
3201,7,8,6,6,8,8,8
3201,8,8,8,8,8,8,8
3263,1,2,4,1,2,2,4
3263,2,2,4,1,2,2,4
3263,3,7,5,3,5,1,4
3263,4,6,7,7,6,8,3
3263,5,7,4,8,8,8,8
3263,6,4,4,4,6,7,8
3263,7,8,8,5,8,8,6
3263,8,4,8,8,4,4,8
3266,1,4,4,3,4,3,1
3266,2,5,1,2,4,1,2
3266,3,2,3,1,3,5,2
3266,4,8,5,6,4,2,5
3266,5,7,7,8,5,8,6
3266,6,5,7,8,6,2,8
3266,7,7,8,8,5,4,8
3266,8,8,8,8,8,6,8
3266,9,8,8,8,8,7,8
3266,10,8,8,8,8,8,8
3273,1,1,2,4,4,5,4
3273,2,3,2,3,1,4,2
3273,3,4,2,3,3,2,2
3273,4,5,5,7,8,8,6
3273,5,8,4,7,6,6,3
3273,6,4,1,2,2,7,5
3273,7,8,6,8,8,7,8
3273,8,8,8,8,6,8,8
3273,9,8,8,8,8,8,8
3273,10,8,8,8,8,8,8
3279,1,1,1,1,2,5,1
3279,2,NULL,NULL,NULL,NULL,NULL,NULL
3279,3,NULL,NULL,NULL,NULL,NULL,NULL
3279,4,NULL,NULL,NULL,NULL,NULL,NULL
3279,5,NULL,NULL,NULL,NULL,NULL,NULL
3279,6,NULL,NULL,NULL,NULL,NULL,NULL
3279,7,NULL,NULL,NULL,NULL,NULL,NULL
3279,8,NULL,NULL,NULL,NULL,NULL,NULL
3284,1,2,4,2,2,4,4
3284,2,1,2,3,2,3,2
3284,3,6,3,2,7,6,2
3284,4,6,8,5,3,3,8
3284,5,8,8,7,5,6,5
3284,6,4,4,8,7,3,6
3284,7,6,7,8,8,6,8
3284,8,8,5,8,7,8,7
3285,1,1,6,3,3,4,4
3285,2,4,4,6,2,6,3
3285,3,1,3,1,3,3,4
3285,4,3,2,8,7,5,4
3285,5,8,6,7,8,8,6
3285,6,8,8,8,3,1,8
3285,7,8,7,8,8,6,6
3285,8,6,8,8,7,8,8
3309,1,6,3,6,1,1,3
3309,2,3,7,1,2,5,1
3309,3,3,1,2,3,4,1
3309,4,3,8,4,7,5,5
3309,5,3,4,4,1,7,5
3309,6,2,5,7,7,8,8
3309,7,3,7,8,6,8,6
3309,8,8,8,8,8,8,6
3311,1,3,3,1,1,2,5
3311,2,1,4,2,1,1,3
3311,3,1,4,3,4,3,2
3311,4,6,5,8,6,8,5
3311,5,5,5,8,5,2,8
3311,6,5,6,5,7,5,2
3311,7,8,8,8,8,7,7
3311,8,7,8,7,8,8,5
3314,1,8,1,2,5,2,2
3314,2,4,6,3,2,2,1
3314,3,1,2,4,8,4,1
3314,4,5,8,7,6,3,5
3314,5,4,5,4,4,6,8
3314,6,7,8,3,3,8,6
3314,7,6,6,8,8,8,6
3314,8,8,8,7,7,8,5
3323,1,5,4,3,8,3,1
3323,2,1,4,2,3,1,3
3323,3,3,6,3,2,4,4
3323,4,5,5,8,4,8,5
3323,5,8,5,8,8,8,5
3323,6,8,5,7,8,7,8
3323,7,7,8,8,8,8,8
3323,8,8,8,5,8,8,7
3323,9,8,8,8,8,8,6
3323,10,8,8,8,8,8,8
3334,1,4,2,6,2,3,5
3334,2,1,3,5,6,1,2
3334,3,5,5,2,1,6,2
3334,4,6,8,6,6,6,8
3334,5,6,8,4,8,3,6
3334,6,6,8,8,3,5,4
3334,7,8,8,8,8,6,7
3334,8,7,8,8,5,3,8
3342,1,6,3,6,2,3,7
3342,2,1,1,5,2,4,4
3342,3,3,2,4,2,1,2
3342,4,4,8,4,2,7,5
3342,5,3,4,7,4,8,6
3342,6,7,1,5,8,3,8
3342,7,8,8,8,8,8,8
3342,8,8,8,8,8,8,6
3343,1,2,3,5,1,1,3
3343,2,5,4,2,2,2,2
3343,3,2,2,2,3,5,3
3343,4,4,8,6,7,6,5
3343,5,8,7,8,8,5,4
3343,6,8,6,8,6,6,2
3343,7,8,8,6,8,8,4
3343,8,4,8,8,4,8,7
3375,1,3,5,7,3,3,3
3375,2,3,4,6,1,2,2
3375,3,2,2,3,3,1,3
3375,4,6,7,3,5,6,7
3375,5,3,7,7,5,6,8
3375,6,5,4,5,7,6,5
3375,7,4,8,4,8,8,8
3375,8,8,8,4,8,8,8
3381,1,2,5,3,2,5,1
3381,2,2,1,2,3,7,3
3381,3,3,5,3,5,2,1
3381,4,8,8,6,7,1,8
3381,5,3,3,7,6,6,7
3381,6,6,5,7,5,3,5
3381,7,8,5,8,8,8,8
3381,8,8,8,8,5,8,8
3395,1,2,2,4,2,1,2
3395,2,4,4,1,5,6,2
3395,3,4,3,3,1,1,1
3395,4,6,6,8,4,3,7
3395,5,3,3,7,3,4,5
3395,6,4,8,6,6,7,3
3395,7,7,8,8,8,8,8
3395,8,4,4,8,8,8,8
3395,9,8,8,8,8,7,4
3395,10,8,8,8,8,8,8
3397,1,3,2,3,4,2,1
3397,2,2,2,4,3,1,1
3397,3,4,5,3,1,3,3
3397,4,3,6,8,5,8,5
3397,5,8,4,4,5,8,8
3397,6,6,8,5,3,7,8
3397,7,8,8,8,8,8,4
3397,8,8,8,8,8,8,8
3411,1,5,6,3,1,2,2
3411,2,2,3,2,1,8,3
3411,3,4,3,3,2,4,5
3411,4,8,7,2,8,6,1
3411,5,8,8,8,3,5,4
3411,6,3,6,5,8,5,6
3411,7,8,8,8,6,6,8
3411,8,8,6,7,8,7,8
3411,9,8,6,8,8,6,8
3411,10,8,8,7,8,8,8
3424,1,5,3,2,3,3,3
3424,2,1,3,3,1,2,3
3424,3,5,2,7,1,4,5
3424,4,5,5,8,5,5,2
3424,5,4,4,8,8,1,8
3424,6,5,7,6,8,4,6
3424,7,8,6,8,6,7,8
3424,8,5,7,5,8,5,4
3437,1,1,4,2,3,2,2
3437,2,2,3,1,1,1,3
3437,3,NULL,NULL,NULL,NULL,NULL,NULL
3437,4,NULL,NULL,NULL,NULL,NULL,NULL
3437,5,NULL,NULL,NULL,NULL,NULL,NULL
3437,6,NULL,NULL,NULL,NULL,NULL,NULL
3437,7,NULL,NULL,NULL,NULL,NULL,NULL
3437,8,NULL,NULL,NULL,NULL,NULL,NULL
3439,1,1,4,1,3,4,6
3439,2,2,1,2,3,4,2
3439,3,3,5,2,3,1,2
3439,4,8,8,8,1,8,4
3439,5,6,7,7,7,7,7
3439,6,8,8,4,7,6,4
3439,7,8,8,8,7,8,6
3439,8,8,8,8,7,8,8
3442,1,5,7,3,2,2,3
3442,2,2,1,1,5,2,2
3442,3,1,2,4,1,4,2
3442,4,8,8,8,4,8,4
3442,5,6,7,7,7,6,5
3442,6,6,3,8,7,7,4
3442,7,8,5,3,8,8,8
3442,8,8,8,8,6,8,8
3448,1,4,3,4,4,2,5
3448,2,4,3,4,3,4,3
3448,3,2,3,2,2,2,2
3448,4,8,8,8,5,5,5
3448,5,4,5,8,6,4,2
3448,6,8,6,3,2,6,3
3448,7,4,8,8,3,7,7
3448,8,8,6,8,8,6,8
3448,9,8,3,8,4,8,7
3448,10,8,8,8,8,8,7
3449,1,2,2,4,4,2,3
3449,2,4,1,6,2,5,2
3449,3,3,7,2,1,2,1
3449,4,8,6,7,4,8,4
3449,5,4,3,6,7,6,8
3449,6,8,6,8,5,8,8
3449,7,8,8,8,3,8,8
3449,8,8,8,8,8,8,8
3489,1,1,1,5,5,5,3
3489,2,3,3,1,4,2,5
3489,3,6,1,2,5,1,1
3489,4,6,6,7,4,5,3
3489,5,7,6,5,4,6,5
3489,6,5,6,6,7,6,8
3489,7,8,4,7,8,8,8
3489,8,7,8,7,8,5,8
3490,1,3,1,4,3,1,5
3490,2,1,1,4,3,5,2
3490,3,2,3,3,3,1,2
3490,4,4,6,8,8,5,6
3490,5,7,7,6,2,3,5
3490,6,4,4,4,4,4,5
3490,7,8,7,7,7,8,8
3490,8,7,8,6,5,8,8
3490,9,8,8,6,8,6,8
3490,10,8,8,8,8,8,8
3491,1,6,2,6,1,4,2
3491,2,3,2,2,1,4,2
3491,3,4,2,1,3,5,4
3491,4,5,2,4,2,4,7
3491,5,3,2,4,7,3,6
3491,6,7,4,4,2,1,6
3491,7,8,8,8,8,8,8
3491,8,8,8,8,8,8,6
3501,1,3,1,2,4,6,2
3501,2,3,5,7,6,2,3
3501,3,7,2,2,5,3,2
3501,4,6,2,6,7,3,8
3501,5,8,5,4,2,6,6
3501,6,5,8,8,8,7,5
3501,7,8,8,8,5,6,6
3501,8,3,8,2,7,8,8
3509,1,2,1,1,6,3,2
3509,2,6,6,3,3,2,1
3509,3,3,6,7,5,2,1
3509,4,7,6,6,6,8,3
3509,5,2,5,7,6,6,4
3509,6,7,4,8,3,3,8
3509,7,8,8,8,6,8,8
3509,8,8,5,8,8,8,8
3509,9,8,8,6,8,8,8
3509,10,5,8,8,8,8,8
3511,1,6,5,2,2,4,5
3511,2,5,3,4,3,2,4
3511,3,3,1,2,2,2,6
3511,4,3,4,7,6,6,8
3511,5,6,6,2,8,8,8
3511,6,3,7,2,6,4,6
3511,7,5,8,8,7,8,5
3511,8,8,8,8,7,8,7
3516,1,3,4,1,8,2,4
3516,2,3,4,4,4,7,8
3516,3,1,4,3,7,4,3
3516,4,3,7,8,8,7,8
3516,5,7,8,3,5,3,8
3516,6,6,8,4,5,5,4
3516,7,8,8,8,8,7,8
3516,8,8,8,8,7,8,8
3516,9,7,8,8,8,8,6
3516,10,8,8,8,8,7,8
3517,1,5,1,3,2,4,3
3517,2,5,1,5,2,3,3
3517,3,1,6,2,3,2,1
3517,4,8,8,6,4,4,7
3517,5,8,5,6,7,1,7
3517,6,8,5,8,5,5,4
3517,7,8,5,8,8,8,8
3517,8,7,8,6,3,8,6
3527,1,1,4,1,4,3,5
3527,2,1,4,2,1,2,4
3527,3,2,1,1,3,2,1
3527,4,NULL,NULL,NULL,NULL,NULL,NULL
3527,5,NULL,NULL,NULL,NULL,NULL,NULL
3527,6,NULL,NULL,NULL,NULL,NULL,NULL
3527,7,NULL,NULL,NULL,NULL,NULL,NULL
3527,8,NULL,NULL,NULL,NULL,NULL,NULL
3545,1,6,4,3,1,3,1
3545,2,3,5,5,3,6,2
3545,3,1,1,3,8,2,4
3545,4,5,3,7,4,4,6
3545,5,4,3,7,8,8,4
3545,6,2,3,5,4,4,8
3545,7,8,7,7,8,7,8
3545,8,6,8,8,7,8,8
3545,9,2,8,8,8,8,4
3545,10,8,8,8,8,8,8
3569,1,3,5,4,1,2,1
3569,2,1,3,1,6,1,4
3569,3,1,1,2,2,3,1
3569,4,NULL,NULL,NULL,NULL,NULL,NULL
3569,5,NULL,NULL,NULL,NULL,NULL,NULL
3569,6,NULL,NULL,NULL,NULL,NULL,NULL
3569,7,NULL,NULL,NULL,NULL,NULL,NULL
3569,8,NULL,NULL,NULL,NULL,NULL,NULL
3597,1,2,2,1,1,3,4
3597,2,8,1,1,2,4,3
3597,3,2,3,4,2,4,4
3597,4,6,5,6,6,4,5
3597,5,4,8,6,8,3,4
3597,6,6,5,8,4,5,5
3597,7,8,8,8,8,8,8
3597,8,8,6,8,8,6,7
3597,9,7,6,6,8,8,8
3597,10,8,8,8,8,8,8
3611,1,4,4,1,1,2,4
3611,2,1,5,4,3,3,2
3611,3,1,2,6,2,6,4
3611,4,7,6,5,6,6,5
3611,5,5,8,6,7,7,4
3611,6,7,2,6,7,5,8
3611,7,8,8,8,8,8,8
3611,8,7,8,7,8,5,8
3621,1,1,2,5,2,4,2
3621,2,2,1,5,1,1,1
3621,3,NULL,NULL,NULL,NULL,NULL,NULL
3621,4,NULL,NULL,NULL,NULL,NULL,NULL
3621,5,NULL,NULL,NULL,NULL,NULL,NULL
3621,6,NULL,NULL,NULL,NULL,NULL,NULL
3621,7,NULL,NULL,NULL,NULL,NULL,NULL
3621,8,NULL,NULL,NULL,NULL,NULL,NULL
3635,1,3,1,1,1,2,2
3635,2,NULL,NULL,NULL,NULL,NULL,NULL
3635,3,NULL,NULL,NULL,NULL,NULL,NULL
3635,4,NULL,NULL,NULL,NULL,NULL,NULL
3635,5,NULL,NULL,NULL,NULL,NULL,NULL
3635,6,NULL,NULL,NULL,NULL,NULL,NULL
3635,7,NULL,NULL,NULL,NULL,NULL,NULL
3635,8,NULL,NULL,NULL,NULL,NULL,NULL
3638,1,4,4,4,3,5,2
3638,2,1,1,4,7,2,3
3638,3,5,4,3,3,3,2
3638,4,6,7,4,7,8,4
3638,5,6,5,6,8,6,8
3638,6,5,4,6,6,6,8
3638,7,7,7,8,6,7,8
3638,8,8,6,6,5,8,8
3642,1,5,2,2,1,1,6
3642,2,2,5,1,2,1,7
3642,3,2,2,4,3,2,3
3642,4,6,8,8,6,8,4
3642,5,8,3,6,5,8,7
3642,6,4,6,6,6,2,5
3642,7,5,7,7,8,4,6
3642,8,8,8,8,8,6,4
3642,9,4,8,8,6,8,8
3642,10,8,8,8,8,8,8
3664,1,4,1,4,1,4,3
3664,2,5,6,4,7,2,5
3664,3,3,1,3,1,2,4
3664,4,8,7,5,4,5,2
3664,5,8,6,8,6,8,8
3664,6,8,8,8,8,6,2
3664,7,4,8,6,5,8,8
3664,8,7,8,8,8,8,6
3664,9,7,5,7,8,8,8
3664,10,8,8,8,8,8,8
3692,1,5,1,3,4,1,2
3692,2,2,7,2,2,3,2
3692,3,2,6,4,1,4,5
3692,4,5,6,8,4,7,4
3692,5,8,8,8,3,3,6
3692,6,2,5,8,6,8,8
3692,7,8,8,6,8,8,8
3692,8,8,4,8,8,8,8
3695,1,5,6,1,5,2,4
3695,2,5,3,5,8,1,3
3695,3,4,1,1,1,2,4
3695,4,3,7,6,6,8,2
3695,5,3,4,1,3,6,5
3695,6,6,6,6,6,6,5
3695,7,6,8,4,4,8,8
3695,8,6,8,8,6,8,2
3709,1,1,3,1,2,1,4
3709,2,1,2,5,2,1,3
3709,3,4,3,4,3,4,5
3709,4,3,4,1,5,4,8
3709,5,6,8,3,8,6,5
3709,6,2,6,8,5,3,7
3709,7,8,8,6,8,8,8
3709,8,5,8,5,5,8,8
3709,9,8,8,6,8,8,5
3709,10,8,8,8,6,6,8
3710,1,3,4,1,2,5,3
3710,2,4,1,4,1,6,1
3710,3,2,1,3,2,2,4
3710,4,6,1,8,4,8,2
3710,5,7,2,8,5,6,4
3710,6,4,8,5,6,5,7
3710,7,4,8,8,8,8,8
3710,8,7,8,8,8,8,4
3710,9,6,8,8,6,8,8
3710,10,8,8,8,8,7,8
3721,1,2,2,2,5,1,2
3721,2,1,3,2,5,5,4
3721,3,4,4,1,1,5,4
3721,4,8,5,8,5,4,8
3721,5,8,6,8,5,7,7
3721,6,7,6,8,8,4,8
3721,7,8,8,8,6,8,8
3721,8,7,8,8,6,8,8
3721,9,8,5,8,8,8,8
3721,10,8,8,8,8,8,8
3724,1,1,1,5,4,1,4
3724,2,8,3,2,3,8,1
3724,3,6,5,4,1,2,3
3724,4,4,8,4,5,7,6
3724,5,4,3,4,7,1,8
3724,6,8,4,5,3,6,6
3724,7,4,8,8,8,8,8
3724,8,5,8,8,5,7,6
3724,9,8,8,8,8,4,6
3724,10,8,8,8,8,8,8
3732,1,2,3,1,6,5,1
3732,2,3,2,2,2,1,1
3732,3,NULL,NULL,NULL,NULL,NULL,NULL
3732,4,NULL,NULL,NULL,NULL,NULL,NULL
3732,5,NULL,NULL,NULL,NULL,NULL,NULL
3732,6,NULL,NULL,NULL,NULL,NULL,NULL
3732,7,NULL,NULL,NULL,NULL,NULL,NULL
3732,8,NULL,NULL,NULL,NULL,NULL,NULL
3746,1,3,6,4,2,4,5
3746,2,3,7,4,1,1,5
3746,3,5,3,5,1,7,3
3746,4,1,4,7,4,6,8
3746,5,8,3,4,8,8,5
3746,6,7,7,2,6,6,8
3746,7,6,8,4,8,6,8
3746,8,8,8,8,8,7,3
3748,1,1,6,1,5,1,2
3748,2,2,4,2,2,3,4
3748,3,1,3,4,1,1,3
3748,4,2,8,4,8,8,8
3748,5,8,8,3,7,7,8
3748,6,8,7,5,6,3,4
3748,7,7,8,8,4,2,8
3748,8,8,8,8,8,8,8
3748,9,5,8,8,8,4,7
3748,10,8,8,8,8,5,5
3765,1,4,4,1,3,4,2
3765,2,3,2,4,8,2,5
3765,3,4,5,4,1,2,2
3765,4,6,5,8,3,2,4
3765,5,8,4,2,8,8,8
3765,6,7,3,3,7,3,1
3765,7,8,8,8,8,6,7
3765,8,5,8,6,8,8,8
3778,1,2,6,2,1,1,1
3778,2,3,2,5,4,3,1
3778,3,2,3,1,3,3,4
3778,4,6,6,7,5,8,8
3778,5,2,7,3,5,8,8
3778,6,8,5,7,8,7,2
3778,7,8,7,8,8,8,8
3778,8,8,4,8,8,8,8
3778,9,8,7,8,8,7,6
3778,10,6,8,8,8,8,8
3823,1,2,4,5,3,6,1
3823,2,1,1,1,5,6,2
3823,3,2,2,4,3,6,8
3823,4,5,2,3,5,5,8
3823,5,5,3,1,6,6,3
3823,6,7,8,4,7,8,8
3823,7,8,6,8,8,8,5
3823,8,6,8,8,8,8,8
3830,1,3,4,3,2,4,1
3830,2,4,5,4,5,1,3
3830,3,3,6,1,3,2,6
3830,4,7,3,3,7,8,8
3830,5,6,3,5,7,3,8
3830,6,5,6,7,8,6,8
3830,7,5,8,8,8,8,8
3830,8,8,4,8,8,8,6
3830,9,8,8,8,6,7,8
3830,10,8,8,5,8,8,8
3833,1,1,1,2,3,2,2
3833,2,NULL,NULL,NULL,NULL,NULL,NULL
3833,3,NULL,NULL,NULL,NULL,NULL,NULL
3833,4,NULL,NULL,NULL,NULL,NULL,NULL
3833,5,NULL,NULL,NULL,NULL,NULL,NULL
3833,6,NULL,NULL,NULL,NULL,NULL,NULL
3833,7,NULL,NULL,NULL,NULL,NULL,NULL
3833,8,NULL,NULL,NULL,NULL,NULL,NULL
3841,1,2,4,1,2,2,5
3841,2,1,6,3,1,4,3
3841,3,5,2,3,3,3,1
3841,4,7,8,8,5,3,8
3841,5,8,8,7,8,8,7
3841,6,4,2,8,8,5,7
3841,7,8,8,6,8,8,8
3841,8,7,8,8,8,8,8
3841,9,8,8,8,8,8,8
3841,10,8,8,8,8,8,8
3859,1,6,1,1,3,1,2
3859,2,2,3,1,3,2,3
3859,3,8,4,4,3,4,2
3859,4,7,4,6,8,7,4
3859,5,4,5,8,8,4,6
3859,6,6,5,4,6,6,6
3859,7,4,8,8,8,8,8
3859,8,8,8,8,8,8,8
3863,1,7,2,4,1,3,5
3863,2,8,4,2,4,6,5
3863,3,3,1,1,2,3,5
3863,4,6,2,8,7,8,8
3863,5,8,5,6,3,8,4
3863,6,7,5,4,5,6,5
3863,7,6,8,8,8,8,8
3863,8,8,7,8,8,8,8
3863,9,8,8,8,8,6,8
3863,10,8,8,8,8,8,8
3866,1,3,5,2,5,1,3
3866,2,2,1,3,1,2,8
3866,3,3,4,3,4,2,1
3866,4,8,6,3,8,5,8
3866,5,8,8,8,6,4,4
3866,6,8,6,8,8,6,7
3866,7,8,6,8,8,8,6
3866,8,8,7,6,8,4,8
3908,1,3,4,2,4,3,2
3908,2,5,5,4,3,1,2
3908,3,5,4,2,3,4,5
3908,4,8,5,5,8,7,3
3908,5,5,3,6,8,4,4
3908,6,4,7,5,6,7,8
3908,7,8,7,5,5,8,5
3908,8,6,7,8,5,8,7
3908,9,3,8,8,8,8,8
3908,10,8,8,8,8,8,6
3909,1,4,6,3,3,2,1
3909,2,2,3,2,6,4,3
3909,3,4,2,1,1,7,2
3909,4,8,8,8,5,4,6
3909,5,5,8,2,1,7,8
3909,6,6,6,5,7,8,6
3909,7,8,8,7,8,8,6
3909,8,8,8,8,8,8,6
3909,9,8,6,8,8,4,8
3909,10,8,4,8,8,8,8
3915,1,1,3,6,1,4,3
3915,2,5,8,3,4,2,5
3915,3,4,5,3,3,1,5
3915,4,1,3,7,6,7,7
3915,5,5,7,7,6,1,5
3915,6,4,8,5,2,7,5
3915,7,8,8,8,8,6,5
3915,8,8,8,8,8,5,8
3915,9,2,8,8,6,8,8
3915,10,8,8,8,8,8,6
3929,1,1,4,5,5,1,6
3929,2,4,2,1,1,1,6
3929,3,6,3,2,2,3,2
3929,4,8,8,3,5,8,6
3929,5,5,5,6,4,4,6
3929,6,4,8,7,3,4,6
3929,7,8,8,8,6,4,8
3929,8,8,8,8,4,8,5
3929,9,8,8,8,8,4,7
3929,10,8,8,8,8,8,8
3952,1,6,4,3,3,1,4
3952,2,4,3,3,2,4,1
3952,3,4,2,4,3,4,2
3952,4,6,8,2,8,3,5
3952,5,5,3,5,5,8,5
3952,6,7,7,2,5,4,3
3952,7,8,5,6,8,6,4
3952,8,8,8,8,5,8,6
3952,9,6,8,5,8,7,7
3952,10,8,8,8,8,8,8
3956,1,5,3,5,2,2,1
3956,2,2,2,2,4,1,2
3956,3,2,1,5,4,3,4
3956,4,4,5,7,4,4,8
3956,5,5,1,8,8,7,2
3956,6,3,5,6,6,3,4
3956,7,8,8,8,8,7,8
3956,8,8,8,8,7,8,8
3956,9,6,8,8,8,8,8
3956,10,5,8,8,8,8,8
3970,1,1,1,1,5,4,2
3970,2,2,5,1,5,2,3
3970,3,5,6,5,2,2,3
3970,4,3,4,5,5,8,6
3970,5,6,5,7,8,8,7
3970,6,5,3,8,7,8,7
3970,7,8,8,8,8,8,7
3970,8,8,7,8,8,7,8
3970,9,8,8,4,8,8,7
3970,10,8,8,8,8,8,8
3978,1,4,4,5,7,3,4
3978,2,1,3,4,1,2,3
3978,3,3,1,4,1,3,2
3978,4,7,6,8,3,4,1
3978,5,5,2,3,4,5,1
3978,6,8,8,4,3,7,8
3978,7,8,8,8,6,8,8
3978,8,8,4,8,8,8,8
3978,9,7,8,8,8,8,8
3978,10,8,8,8,8,6,8
3986,1,1,3,2,2,3,3
3986,2,3,4,3,5,2,3
3986,3,2,2,1,6,2,1
3986,4,6,6,7,5,7,7
3986,5,8,3,8,4,6,4
3986,6,6,8,3,4,7,7
3986,7,7,8,6,5,8,7
3986,8,6,8,8,8,8,5
3986,9,8,2,6,8,8,8
3986,10,8,8,8,8,8,8
3987,1,2,3,2,4,1,5
3987,2,4,3,7,4,3,3
3987,3,1,4,8,3,3,1
3987,4,8,4,3,7,7,4
3987,5,3,5,7,5,8,8
3987,6,6,7,8,3,8,8
3987,7,8,8,7,5,8,8
3987,8,8,8,6,8,8,8
3987,9,8,8,8,7,8,3
3987,10,8,8,8,8,8,8
3989,1,3,4,3,1,6,6
3989,2,1,1,5,6,1,2
3989,3,2,3,1,2,1,3
3989,4,6,1,1,3,8,5
3989,5,5,5,3,5,5,8
3989,6,5,5,7,5,5,7
3989,7,8,8,8,8,8,8
3989,8,8,8,7,8,6,7
3989,9,6,8,8,7,6,8
3989,10,8,8,8,8,8,8
4005,1,3,2,2,3,2,1
4005,2,4,4,1,1,3,5
4005,3,3,3,2,3,2,1
4005,4,4,8,3,5,3,5
4005,5,4,4,5,8,7,6
4005,6,2,5,5,8,6,7
4005,7,3,8,4,7,6,7
4005,8,7,5,7,8,7,8
4005,9,8,8,7,8,7,7
4005,10,6,8,8,8,8,6
4008,1,3,3,3,5,2,6
4008,2,5,2,4,1,5,4
4008,3,1,3,1,1,3,3
4008,4,7,8,2,4,6,2
4008,5,4,7,8,2,5,5
4008,6,4,6,8,6,2,8
4008,7,8,8,8,8,8,7
4008,8,8,6,8,8,8,4
4008,9,6,6,8,8,6,8
4008,10,8,8,8,8,6,7
4017,1,1,4,1,2,2,1
4017,2,NULL,NULL,NULL,NULL,NULL,NULL
4017,3,NULL,NULL,NULL,NULL,NULL,NULL
4017,4,NULL,NULL,NULL,NULL,NULL,NULL
4017,5,NULL,NULL,NULL,NULL,NULL,NULL
4017,6,NULL,NULL,NULL,NULL,NULL,NULL
4017,7,NULL,NULL,NULL,NULL,NULL,NULL
4017,8,NULL,NULL,NULL,NULL,NULL,NULL
4017,9,NULL,NULL,NULL,NULL,NULL,NULL
4017,10,NULL,NULL,NULL,NULL,NULL,NULL
4039,1,3,2,2,3,2,1
4039,2,3,1,3,2,1,3
4039,3,6,2,2,4,4,3
4039,4,8,6,7,8,6,4
4039,5,8,7,6,3,2,4
4039,6,6,6,8,3,8,4
4039,7,8,8,7,8,8,8
4039,8,8,8,8,8,8,8
4043,1,1,7,4,5,2,4
4043,2,4,6,5,5,4,2
4043,3,2,3,4,3,1,3
4043,4,8,5,6,8,6,6
4043,5,8,2,3,3,7,3
4043,6,8,8,8,6,8,5
4043,7,6,8,7,8,8,7
4043,8,7,6,4,8,8,8
4043,9,8,8,7,4,8,8
4043,10,6,8,8,8,8,8
4061,1,1,6,1,2,4,1
4061,2,3,4,1,2,7,1
4061,3,5,2,1,2,2,2
4061,4,5,8,6,8,5,6
4061,5,8,6,8,7,4,3
4061,6,8,7,6,2,5,6
4061,7,5,8,8,4,8,8
4061,8,8,8,5,8,8,8
4061,9,8,3,8,8,8,8
4061,10,8,8,8,8,8,8
4093,1,2,3,3,3,1,5
4093,2,2,5,2,5,2,4
4093,3,5,2,4,3,3,2
4093,4,3,5,5,5,6,6
4093,5,5,7,2,5,5,7
4093,6,5,8,8,8,4,5
4093,7,8,4,8,8,8,8
4093,8,6,8,8,8,3,8
4093,9,6,8,6,8,7,5
4093,10,8,8,8,8,8,8
4106,1,3,4,2,4,1,2
4106,2,3,1,2,4,3,4
4106,3,7,2,3,3,4,2
4106,4,5,7,7,8,6,6
4106,5,8,5,5,7,6,4
4106,6,6,4,6,8,6,3
4106,7,7,7,7,8,7,8
4106,8,8,8,8,8,8,7
4106,9,8,8,8,7,3,8
4106,10,8,8,8,8,8,8
4107,1,2,2,5,3,1,5
4107,2,2,2,3,1,2,4
4107,3,3,4,5,4,6,1
4107,4,6,6,6,2,4,4
4107,5,6,5,8,8,4,6
4107,6,8,8,5,5,5,8
4107,7,8,5,8,8,8,8
4107,8,8,8,5,8,8,8
4107,9,3,5,7,8,3,8
4107,10,8,8,7,8,8,8
4140,1,3,2,3,4,6,1
4140,2,2,1,2,1,1,3
4140,3,NULL,NULL,NULL,NULL,NULL,NULL
4140,4,NULL,NULL,NULL,NULL,NULL,NULL
4140,5,NULL,NULL,NULL,NULL,NULL,NULL
4140,6,NULL,NULL,NULL,NULL,NULL,NULL
4140,7,NULL,NULL,NULL,NULL,NULL,NULL
4140,8,NULL,NULL,NULL,NULL,NULL,NULL
4140,9,NULL,NULL,NULL,NULL,NULL,NULL
4140,10,NULL,NULL,NULL,NULL,NULL,NULL
4150,1,1,4,1,4,4,2
4150,2,1,3,6,3,2,6
4150,3,2,1,4,2,1,2
4150,4,5,6,6,6,8,7
4150,5,3,8,4,8,4,5
4150,6,8,6,6,4,3,4
4150,7,6,8,5,8,7,7
4150,8,8,8,8,8,8,7
4150,9,7,3,7,8,8,8
4150,10,8,8,8,8,8,8
4187,1,3,4,3,1,2,5
4187,2,6,3,1,1,3,1
4187,3,5,3,2,2,8,2
4187,4,6,8,5,8,8,7
4187,5,5,7,7,5,6,5
4187,6,8,6,8,1,3,6
4187,7,8,7,6,8,8,7
4187,8,8,8,8,8,8,8
4199,1,4,4,3,4,5,7
4199,2,4,1,2,2,2,3
4199,3,1,4,5,1,3,2
4199,4,8,1,8,3,8,5
4199,5,8,6,5,8,6,5
4199,6,7,2,5,8,7,8
4199,7,8,5,7,8,8,8
4199,8,8,8,6,7,8,8
4199,9,8,7,6,8,8,8
4199,10,8,8,8,6,8,8
4203,1,1,3,2,6,1,2
4203,2,1,3,3,5,5,2
4203,3,4,3,1,3,3,1
4203,4,2,5,2,8,3,2
4203,5,3,8,8,5,8,4
4203,6,4,5,8,8,6,7
4203,7,7,5,8,8,7,8
4203,8,4,8,8,8,7,8
4207,1,1,3,4,2,2,7
4207,2,7,6,3,8,3,2
4207,3,4,5,2,1,3,2
4207,4,4,2,7,3,2,7
4207,5,5,8,3,5,4,3
4207,6,5,8,7,5,8,7
4207,7,8,8,8,8,8,8
4207,8,8,8,8,4,4,6
4227,1,5,4,1,7,2,1
4227,2,1,3,2,4,4,1
4227,3,3,1,5,5,1,1
4227,4,7,6,8,4,4,5
4227,5,5,8,8,4,6,6
4227,6,3,8,7,8,5,7
4227,7,8,6,8,8,8,8
4227,8,8,8,8,8,8,8
4227,9,8,6,8,8,6,8
4227,10,8,8,8,7,8,7
4241,1,2,3,5,4,5,3
4241,2,2,4,3,4,4,2
4241,3,6,3,3,3,1,4
4241,4,7,8,6,6,5,5
4241,5,7,6,8,7,3,8
4241,6,8,7,8,8,6,3
4241,7,8,8,7,8,8,8
4241,8,8,8,8,8,8,8
4247,1,2,3,3,2,4,2
4247,2,3,3,2,3,4,1
4247,3,3,1,1,1,3,2
4247,4,NULL,NULL,NULL,NULL,NULL,NULL
4247,5,NULL,NULL,NULL,NULL,NULL,NULL
4247,6,NULL,NULL,NULL,NULL,NULL,NULL
4247,7,NULL,NULL,NULL,NULL,NULL,NULL
4247,8,NULL,NULL,NULL,NULL,NULL,NULL
4247,9,NULL,NULL,NULL,NULL,NULL,NULL
4247,10,NULL,NULL,NULL,NULL,NULL,NULL
4266,1,1,5,4,3,1,1
4266,2,1,3,2,1,2,2
4266,3,NULL,NULL,NULL,NULL,NULL,NULL
4266,4,NULL,NULL,NULL,NULL,NULL,NULL
4266,5,NULL,NULL,NULL,NULL,NULL,NULL
4266,6,NULL,NULL,NULL,NULL,NULL,NULL
4266,7,NULL,NULL,NULL,NULL,NULL,NULL
4266,8,NULL,NULL,NULL,NULL,NULL,NULL
4266,9,NULL,NULL,NULL,NULL,NULL,NULL
4266,10,NULL,NULL,NULL,NULL,NULL,NULL
4273,1,3,1,4,5,2,3
4273,2,3,2,2,2,2,5
4273,3,4,1,1,4,3,7
4273,4,8,4,2,8,7,3
4273,5,6,5,4,8,7,5
4273,6,7,5,8,8,5,7
4273,7,6,8,6,6,8,8
4273,8,8,4,8,8,5,8
4273,9,6,8,8,6,8,8
4273,10,8,8,8,8,6,8
4278,1,4,3,1,1,1,5
4278,2,2,3,1,2,1,3
4278,3,5,3,1,3,3,1
4278,4,2,8,3,4,8,8
4278,5,8,8,6,3,3,6
4278,6,4,6,1,8,7,8
4278,7,5,8,8,7,8,8
4278,8,8,7,4,7,8,1
4278,9,8,8,8,7,8,5
4278,10,8,8,8,8,8,8
4303,1,5,2,3,3,4,2
4303,2,3,1,1,1,3,2
4303,3,NULL,NULL,NULL,NULL,NULL,NULL
4303,4,NULL,NULL,NULL,NULL,NULL,NULL
4303,5,NULL,NULL,NULL,NULL,NULL,NULL
4303,6,NULL,NULL,NULL,NULL,NULL,NULL
4303,7,NULL,NULL,NULL,NULL,NULL,NULL
4303,8,NULL,NULL,NULL,NULL,NULL,NULL
4306,1,4,5,2,1,4,1
4306,2,4,5,3,3,3,3
4306,3,4,4,2,2,3,3
4306,4,6,8,5,2,6,8
4306,5,5,5,3,8,8,7
4306,6,1,8,4,8,4,8
4306,7,8,6,5,5,6,8
4306,8,8,5,8,8,7,8
4329,1,2,4,1,3,4,3
4329,2,2,1,1,2,1,3
4329,3,NULL,NULL,NULL,NULL,NULL,NULL
4329,4,NULL,NULL,NULL,NULL,NULL,NULL
4329,5,NULL,NULL,NULL,NULL,NULL,NULL
4329,6,NULL,NULL,NULL,NULL,NULL,NULL
4329,7,NULL,NULL,NULL,NULL,NULL,NULL
4329,8,NULL,NULL,NULL,NULL,NULL,NULL
4329,9,NULL,NULL,NULL,NULL,NULL,NULL
4329,10,NULL,NULL,NULL,NULL,NULL,NULL
4344,1,4,2,2,3,3,4
4344,2,1,7,3,2,4,2
4344,3,1,3,2,2,2,4
4344,4,3,4,8,8,4,8
4344,5,6,5,2,4,5,8
4344,6,7,7,3,6,3,3
4344,7,5,8,6,8,8,8
4344,8,8,7,8,8,8,7
4344,9,8,8,8,8,8,7
4344,10,8,7,8,8,8,8
4353,1,3,2,5,3,3,1
4353,2,5,4,2,2,2,2
4353,3,6,1,7,4,6,1
4353,4,8,2,8,8,5,5
4353,5,3,8,5,6,8,2
4353,6,2,8,8,7,6,7
4353,7,8,3,8,7,8,8
4353,8,8,8,5,7,8,3
4356,1,8,4,1,3,1,5
4356,2,2,4,3,2,2,4
4356,3,5,6,1,2,4,2
4356,4,8,4,7,8,5,6
4356,5,4,8,8,7,6,6
4356,6,8,7,5,7,8,8
4356,7,7,8,7,8,8,8
4356,8,8,8,6,6,8,8
4391,1,1,3,2,4,6,2
4391,2,1,1,6,4,3,3
4391,3,4,8,2,4,7,1
4391,4,6,4,8,8,6,8
4391,5,8,5,6,8,3,8
4391,6,6,7,3,6,8,8
4391,7,8,8,8,6,5,8
4391,8,8,8,8,8,8,8
4391,9,8,8,8,8,8,7
4391,10,6,8,8,8,8,8
4400,1,3,4,4,3,2,1
4400,2,2,6,1,6,5,3
4400,3,4,5,1,2,5,4
4400,4,4,8,6,5,3,4
4400,5,6,3,5,7,5,4
4400,6,7,5,7,5,8,4
4400,7,8,8,8,8,8,8
4400,8,8,5,8,4,8,6
4422,1,6,1,6,4,8,5
4422,2,1,1,1,3,3,2
4422,3,NULL,NULL,NULL,NULL,NULL,NULL
4422,4,NULL,NULL,NULL,NULL,NULL,NULL
4422,5,NULL,NULL,NULL,NULL,NULL,NULL
4422,6,NULL,NULL,NULL,NULL,NULL,NULL
4422,7,NULL,NULL,NULL,NULL,NULL,NULL
4422,8,NULL,NULL,NULL,NULL,NULL,NULL
4422,9,NULL,NULL,NULL,NULL,NULL,NULL
4422,10,NULL,NULL,NULL,NULL,NULL,NULL
4423,1,5,3,4,3,4,3
4423,2,3,2,1,2,6,4
4423,3,1,2,4,5,3,5
4423,4,4,7,3,7,4,6
4423,5,8,7,8,7,6,7
4423,6,6,6,8,7,4,8
4423,7,8,8,8,8,8,8
4423,8,2,8,6,8,4,8
4423,9,4,8,8,8,8,8
4423,10,8,8,8,8,8,8
4430,1,7,2,2,1,1,4
4430,2,5,3,2,2,5,2
4430,3,1,5,4,3,7,7
4430,4,6,1,5,7,8,8
4430,5,8,3,7,4,7,2
4430,6,7,3,3,5,8,7
4430,7,7,8,4,8,6,8
4430,8,8,4,8,7,8,8
4430,9,8,8,7,8,7,5
4430,10,8,5,8,8,8,8
4434,1,4,3,4,2,1,1
4434,2,2,4,3,1,1,2
4434,3,6,1,2,6,2,3
4434,4,4,7,4,6,2,4
4434,5,5,8,2,8,5,4
4434,6,8,5,4,5,5,6
4434,7,7,7,7,7,8,8
4434,8,8,8,8,8,8,7
4449,1,2,4,4,1,2,2
4449,2,1,3,3,1,3,2
4449,3,6,3,2,2,8,1
4449,4,7,3,1,6,4,3
4449,5,5,4,4,3,3,6
4449,6,8,7,3,5,3,3
4449,7,7,8,4,5,8,8
4449,8,8,8,8,8,8,4
4468,1,4,7,2,2,2,3
4468,2,3,1,3,4,2,2
4468,3,2,4,1,1,2,3
4468,4,1,3,8,8,3,4
4468,5,8,3,6,8,8,5
4468,6,6,5,4,7,8,7
4468,7,8,8,8,8,4,8
4468,8,6,8,8,6,6,7
4469,1,1,4,3,1,2,5
4469,2,4,4,3,4,1,2
4469,3,3,7,3,2,4,1
4469,4,8,4,2,5,2,8
4469,5,5,6,5,7,4,1
4469,6,6,4,8,5,5,5
4469,7,8,5,8,8,8,8
4469,8,8,8,8,8,8,8
4489,1,6,4,3,4,4,3
4489,2,2,4,1,3,3,2
4489,3,1,1,2,3,1,3
4489,4,NULL,NULL,NULL,NULL,NULL,NULL
4489,5,NULL,NULL,NULL,NULL,NULL,NULL
4489,6,NULL,NULL,NULL,NULL,NULL,NULL
4489,7,NULL,NULL,NULL,NULL,NULL,NULL
4489,8,NULL,NULL,NULL,NULL,NULL,NULL
4489,9,NULL,NULL,NULL,NULL,NULL,NULL
4489,10,NULL,NULL,NULL,NULL,NULL,NULL
4499,1,4,4,3,2,2,2
4499,2,3,4,2,3,5,6
4499,3,3,5,3,3,6,5
4499,4,8,4,6,8,8,4
4499,5,4,8,8,6,8,8
4499,6,7,5,8,4,2,8
4499,7,5,8,8,8,8,7
4499,8,8,8,8,8,8,8
4499,9,7,8,8,8,5,6
4499,10,8,8,8,8,8,8
4508,1,2,4,2,2,1,7
4508,2,2,3,4,1,3,5
4508,3,1,3,3,2,4,3
4508,4,8,5,7,8,8,7
4508,5,6,5,5,5,8,4
4508,6,3,8,3,7,3,4
4508,7,8,8,8,8,8,8
4508,8,8,8,8,8,8,8
4528,1,2,4,4,4,5,1
4528,2,2,2,3,6,3,3
4528,3,2,2,3,2,3,4
4528,4,4,5,8,8,6,6
4528,5,6,6,3,8,8,2
4528,6,7,7,7,4,8,4
4528,7,8,8,8,8,8,8
4528,8,8,4,8,8,8,8
4528,9,8,8,4,8,6,8
4528,10,8,8,8,8,5,8
4530,1,7,2,4,4,1,3
4530,2,4,3,3,5,4,1
4530,3,2,4,4,3,4,1
4530,4,8,8,8,4,8,7
4530,5,5,4,6,5,8,2
4530,6,8,7,7,6,7,5
4530,7,7,8,8,8,5,8
4530,8,8,8,7,8,5,8
4530,9,8,6,4,8,8,8
4530,10,8,8,8,8,8,8
4542,1,3,1,3,4,6,5
4542,2,1,3,2,1,7,1
4542,3,4,2,3,5,4,6
4542,4,3,8,5,5,6,8
4542,5,5,3,5,5,5,8
4542,6,8,4,1,8,3,3
4542,7,8,5,6,8,8,8
4542,8,4,7,8,8,6,8
4549,1,4,3,1,1,3,3
4549,2,4,2,1,1,1,2
4549,3,NULL,NULL,NULL,NULL,NULL,NULL
4549,4,NULL,NULL,NULL,NULL,NULL,NULL
4549,5,NULL,NULL,NULL,NULL,NULL,NULL
4549,6,NULL,NULL,NULL,NULL,NULL,NULL
4549,7,NULL,NULL,NULL,NULL,NULL,NULL
4549,8,NULL,NULL,NULL,NULL,NULL,NULL
4550,1,5,2,2,1,7,3
4550,2,3,5,2,5,4,4
4550,3,4,3,4,3,3,1
4550,4,4,3,2,5,5,7
4550,5,2,6,8,5,5,8
4550,6,3,8,6,8,8,6
4550,7,7,8,8,8,8,6
4550,8,8,8,8,8,7,8
4555,1,2,3,5,2,3,4
4555,2,1,2,1,4,1,5
4555,3,1,1,4,1,5,6
4555,4,6,4,8,2,6,2
4555,5,5,8,8,7,7,5
4555,6,5,4,6,5,2,8
4555,7,8,8,7,8,5,8
4555,8,7,5,7,8,7,7
4559,1,4,1,2,1,2,4
4559,2,3,5,4,2,3,4
4559,3,4,4,1,2,5,2
4559,4,8,7,4,8,8,5
4559,5,8,5,8,6,8,4
4559,6,6,8,8,6,4,2
4559,7,8,6,5,8,8,8
4559,8,6,8,8,4,8,6
4573,1,4,6,6,6,2,3
4573,2,2,1,2,4,1,3
4573,3,1,6,2,5,2,2
4573,4,8,4,5,7,6,7
4573,5,8,7,6,5,6,4
4573,6,4,5,4,8,6,5
4573,7,8,7,7,8,8,6
4573,8,8,8,8,6,7,8
4578,1,2,2,2,3,4,2
4578,2,1,5,2,3,2,3
4578,3,1,5,4,2,5,4
4578,4,8,8,3,4,5,8
4578,5,6,7,7,7,8,5
4578,6,5,3,3,8,7,5
4578,7,8,8,8,6,8,8
4578,8,4,8,7,8,5,8
4578,9,6,7,6,7,8,7
4578,10,8,8,8,8,8,7
4579,1,1,3,1,3,5,5
4579,2,2,5,1,1,2,2
4579,3,5,1,1,1,4,1
4579,4,8,4,3,6,6,5
4579,5,5,4,5,7,7,8
4579,6,7,8,7,7,4,7
4579,7,4,8,8,8,8,6
4579,8,4,8,8,6,7,8
4592,1,3,3,5,4,2,4
4592,2,1,3,3,3,2,4
4592,3,7,1,1,3,4,4
4592,4,8,5,2,2,4,4
4592,5,8,7,6,6,8,8
4592,6,4,6,6,8,5,6
4592,7,8,5,8,7,8,7
4592,8,8,8,8,6,8,8
4592,9,8,8,8,8,5,8
4592,10,8,8,8,8,8,8
4611,1,3,2,3,2,2,5
4611,2,4,4,1,3,1,4
4611,3,1,4,6,2,1,2
4611,4,7,8,5,5,3,2
4611,5,6,4,4,3,5,4
4611,6,5,7,5,3,3,7
4611,7,8,8,8,8,8,3
4611,8,8,8,8,7,8,8
4611,9,8,8,8,8,4,8
4611,10,8,8,8,8,8,8
4617,1,4,2,5,2,4,2
4617,2,4,5,4,3,4,3
4617,3,1,6,1,3,3,1
4617,4,2,6,4,4,6,8
4617,5,7,7,5,6,7,3
4617,6,6,3,8,6,7,8
4617,7,8,8,8,8,8,8
4617,8,6,8,8,8,8,8
4622,1,4,6,2,3,3,5
4622,2,4,2,7,3,2,6
4622,3,1,1,1,1,1,3
4622,4,NULL,NULL,NULL,NULL,NULL,NULL
4622,5,NULL,NULL,NULL,NULL,NULL,NULL
4622,6,NULL,NULL,NULL,NULL,NULL,NULL
4622,7,NULL,NULL,NULL,NULL,NULL,NULL
4622,8,NULL,NULL,NULL,NULL,NULL,NULL
4622,9,NULL,NULL,NULL,NULL,NULL,NULL
4622,10,NULL,NULL,NULL,NULL,NULL,NULL
4629,1,5,3,2,2,5,4
4629,2,3,2,1,3,2,3
4629,3,1,1,4,5,4,5
4629,4,8,7,8,8,8,8
4629,5,7,8,4,8,8,8
4629,6,6,7,7,4,4,4
4629,7,6,8,7,6,8,4
4629,8,8,8,8,5,6,8
4629,9,8,8,8,8,8,7
4629,10,8,8,8,8,8,7
4641,1,8,2,2,1,2,1
4641,2,3,2,7,3,2,7
4641,3,1,5,2,3,4,2
4641,4,4,8,8,8,7,6
4641,5,8,6,8,3,7,8
4641,6,4,5,4,7,2,8
4641,7,8,8,5,8,5,8
4641,8,7,6,8,8,6,8
4641,9,8,8,8,8,4,8
4641,10,8,8,7,8,8,8
4658,1,1,3,3,3,4,5
4658,2,3,2,1,1,3,1
4658,3,NULL,NULL,NULL,NULL,NULL,NULL
4658,4,NULL,NULL,NULL,NULL,NULL,NULL
4658,5,NULL,NULL,NULL,NULL,NULL,NULL
4658,6,NULL,NULL,NULL,NULL,NULL,NULL
4658,7,NULL,NULL,NULL,NULL,NULL,NULL
4658,8,NULL,NULL,NULL,NULL,NULL,NULL
4658,9,NULL,NULL,NULL,NULL,NULL,NULL
4658,10,NULL,NULL,NULL,NULL,NULL,NULL
4661,1,2,1,2,4,8,1
4661,2,3,3,2,6,1,1
4661,3,5,4,1,5,2,3
4661,4,8,7,5,8,8,4
4661,5,4,5,8,6,1,5
4661,6,6,3,8,5,5,3
4661,7,8,4,7,5,8,8
4661,8,8,8,8,8,7,6
4684,1,4,3,2,1,4,3
4684,2,2,4,5,1,1,1
4684,3,2,2,2,2,4,3
4684,4,8,4,4,6,7,8
4684,5,8,7,3,7,4,2
4684,6,5,6,6,2,8,3
4684,7,6,5,8,8,8,6
4684,8,8,8,8,8,5,6
